{
  "benchmark": "T5a-theorem",
  "params": {
    "B": 7.0,
    "A": 2.0
  },
  "data": [
    {
      "log10_N": 6.0,
      "N": 1000000,
      "B": 7.0,
      "A": 2.0,
      "Q": 96065749.09,
      "X": 0.01,
      "u": 3.5,
      "primes": 36960,
      "rho_u": 0.01537,
      "smooth_main_term": 0.143763,
      "R_smooth_est": 0.143763,
      "R_below_022": true,
      "MT1_margin": 0.076237,
      "cluster_count": 0,
      "C_gallagher": 72.01,
      "cluster_ratio": 0.0,
      "V_bar_ratio": 0.204159,
      "smooth_frac": 1.0,
      "delta7_over_M": 0.00019087,
      "mt3_normalized": 0.13541015,
      "pcb_q1_ratio": 0.0,
      "pcb_q1_holds": true,
      "elapsed_s": 1.3,
      "regime": "degenerate"
    },
    {
      "log10_N": 7.0,
      "N": 10000000,
      "B": 7.0,
      "A": 2.0,
      "Q": 282615580.71,
      "X": 0.04,
      "u": 3.5,
      "primes": 316066,
      "rho_u": 0.01537,
      "smooth_main_term": 0.152202,
      "R_smooth_est": 0.152202,
      "R_below_022": true,
      "MT1_margin": 0.067798,
      "cluster_count": 0,
      "C_gallagher": 1798.28,
      "cluster_ratio": 0.0,
      "V_bar_ratio": 0.207643,
      "smooth_frac": 1.0,
      "delta7_over_M": 2.598e-05,
      "mt3_normalized": 0.02709641,
      "pcb_q1_ratio": 0.0,
      "pcb_q1_holds": true,
      "elapsed_s": 7.0,
      "regime": "degenerate"
    },
    {
      "log10_N": 8.0,
      "N": 100000000,
      "B": 7.0,
      "A": 2.0,
      "Q": 719680490.65,
      "X": 0.14,
      "u": 3.5,
      "primes": 2760321,
      "rho_u": 0.01537,
      "smooth_main_term": 0.159513,
      "R_smooth_est": 0.159513,
      "R_below_022": true,
      "MT1_margin": 0.060487,
      "cluster_count": 0,
      "C_gallagher": 54066.63,
      "cluster_ratio": 0.0,
      "V_bar_ratio": 0.211162,
      "smooth_frac": 1.0,
      "delta7_over_M": 3.39e-06,
      "mt3_normalized": 0.00494169,
      "pcb_q1_ratio": 0.0,
      "pcb_q1_holds": true,
      "elapsed_s": 64.3,
      "regime": "degenerate"
    },
    {
      "log10_N": 9.0,
      "N": 1000000000,
      "B": 7.0,
      "A": 2.0,
      "Q": 1641373384.8,
      "X": 0.61,
      "u": 3.5,
      "primes": 24491667,
      "rho_u": 0.01537,
      "smooth_main_term": 0.165962,
      "R_smooth_est": 0.165962,
      "R_below_022": true,
      "MT1_margin": 0.054038,
      "cluster_count": 0,
      "C_gallagher": 1873081.19,
      "cluster_ratio": 0.0,
      "V_bar_ratio": 0.2147,
      "smooth_frac": 1.0,
      "delta7_over_M": 4.3e-07,
      "mt3_normalized": 0.00083958,
      "pcb_q1_ratio": 0.0,
      "pcb_q1_holds": true,
      "elapsed_s": 668.4,
      "regime": "degenerate"
    }
  ],
  "checks": {
    "MT1_safety": "pass",
    "MT2_cluster": "pass (degenerate: Q>>N, no clusters)",
    "MT3_normalized": "pass"
  },
  "elapsed_s": 742.3
}