{
  "benchmark": "T5b-exploratory",
  "data": [
    {
      "log10_N": 6.0,
      "N": 1000000,
      "B": 1.5,
      "A": 2.0,
      "Q": 51.35,
      "X": 19473.75,
      "u": 0.75,
      "primes": 36960,
      "rho_u": 1.0,
      "smooth_main_term": 9.353451,
      "R_smooth_est": 5.730768,
      "R_below_022": false,
      "cluster_count": 52174048,
      "C_gallagher": 134708840.91,
      "cluster_ratio": 0.38731,
      "V_bar_ratio": 0.277119,
      "smooth_frac": 0.62466,
      "delta7_over_M": 1.3786726,
      "mt3_normalized": 1.3786726,
      "pcb_q1_ratio": 0.511374,
      "pcb_q1_holds": true,
      "elapsed_s": 57.4,
      "regime": "degenerate"
    },
    {
      "log10_N": 7.0,
      "N": 10000000,
      "B": 2.0,
      "A": 2.0,
      "Q": 259.79,
      "X": 38492.18,
      "u": 1.0,
      "primes": 316066,
      "rho_u": 1.0,
      "smooth_main_term": 9.902558,
      "R_smooth_est": 6.024181,
      "R_below_022": false,
      "cluster_count": 766175222,
      "C_gallagher": 1956255028.59,
      "cluster_ratio": 0.391654,
      "V_bar_ratio": 0.264569,
      "smooth_frac": 0.606317,
      "delta7_over_M": 0.71910368,
      "mt3_normalized": 0.71910368,
      "pcb_q1_ratio": 0.51711,
      "pcb_q1_holds": true,
      "elapsed_s": 1146.3,
      "regime": "degenerate"
    },
    {
      "log10_N": 8.0,
      "N": 100000000,
      "B": 2.5,
      "A": 2.0,
      "Q": 1456.34,
      "X": 68665.06,
      "u": 1.25,
      "primes": 2760321,
      "rho_u": 0.4484,
      "smooth_main_term": 4.653592,
      "R_smooth_est": 2.832252,
      "R_below_022": false,
      "cluster_count": 10457010366,
      "C_gallagher": 26718055367.35,
      "cluster_ratio": 0.391384,
      "V_bar_ratio": 0.265665,
      "smooth_frac": 0.586109,
      "delta7_over_M": 0.34698853,
      "mt3_normalized": 0.7188554,
      "pcb_q1_ratio": 0.516753,
      "pcb_q1_holds": true,
      "elapsed_s": 17294.4,
      "regime": "transition"
    }
  ],
  "status": "running",
  "elapsed_s": 18498.3
}