N,θ,H,Sα,Sβ,Varloc,ratio_given,ratio_true,logN,c_from_given,c_from_true
100,0.6,25.118864315095795,0.0,155.5,0.0,0.0,,4.605170185988091,0.0,
1000,0.6,63.09573444801933,28340.0,13900.0,401100000.0,0.016,0.016137565418280403,6.907755278982137,0.11052408446371419,0.11147435270804602
10000,0.6,251.188643150958,1234000.0,567800.0,1523000000000.0,0.011,0.008653451331006253,9.210340371976182,0.10131374409173799,0.07970123215089792
100000,0.6,1000.0,123400000.0,56780000.0,2345000000000000.0,0.01,0.00033468195651789183,11.512925464970229,0.11512925464970229,0.0038531684198608957
1000000,0.55,1995.262314968879,12340000000.0,5678000000.0,1.234e+18,0.001,8.826826939543368e-06,13.815510557964274,0.013815510557964273,0.00012194712077658488
1000000,0.6,2511.88643150958,12340000000.0,5678000000.0,1.234e+18,0.001,7.011397861104215e-06,13.815510557964274,0.013815510557964273,9.686604117617341e-05
1000000,0.6666666666666666,2926.645095553224,12340000000.0,5678000000.0,1.234e+18,0.001,6.017755682088879e-06,13.815510557964274,0.013815510557964273,8.313836716114841e-05
10000000,0.6,15848.93192461113,1234000000000.0,567800000000.0,1.234e+21,0.0005,1.1112316739700481e-07,16.11809565095832,0.00805904782547916,1.7910938411423766e-06
