name,C1,C2,Csp,A,gamma,C0
v2_safe_A8,3.2,2.8,6.0,8.0,3.0,11.0
v2_safe_A9,3.2,2.8,6.0,9.0,3.0,10.0
v2_safe_A10,3.2,2.8,6.0,10.0,3.0,9.0
v3_baseline_A10,3.2,2.8,6.0,10.0,2.5,8.5
v3_aggressive_A10,2.6,2.6,4.0,10.0,2.0,5.199999999999999
v3_aggressive_A11,2.6,2.6,4.0,11.0,2.0,4.199999999999999
v3_aggressive_A12,2.6,2.6,4.0,12.0,2.0,3.1999999999999993
