module,name,declaration_kind,informal_statement,axioms_used,credit_level,proof_commit,source_path,source_sha256,source_line,source_header,external_hypothesis_retained,claim_id
AlgebraicGoldbach.BertrandFamily,AlgebraicGoldbach.BertrandIndex,abbrev,Defines Bertrand Index in the declared module context; exact source is authoritative.,NOT SEPARATELY REPRINTED,Compiled Lean definition/type,e5c4e119473e0023b0f500e322b5ed1ac4013e00,paper/algebraic_sources/AlgebraicGoldbach/BertrandFamily.lean,2adc9e058d7c7bcdb2f9114489c7990d21fb59f7b8c22027ee559481a26860ea,16,abbrev BertrandIndex (N : ℕ),False,ALG-LEAN-AlgebraicGoldbach.BertrandIndex
AlgebraicGoldbach.BertrandFamily,AlgebraicGoldbach.BertrandFamilyIndex,abbrev,Defines Bertrand Family Index in the declared module context; exact source is authoritative.,NOT SEPARATELY REPRINTED,Compiled Lean definition/type,e5c4e119473e0023b0f500e322b5ed1ac4013e00,paper/algebraic_sources/AlgebraicGoldbach/BertrandFamily.lean,2adc9e058d7c7bcdb2f9114489c7990d21fb59f7b8c22027ee559481a26860ea,19,abbrev BertrandFamilyIndex (N : ℕ),False,ALG-LEAN-AlgebraicGoldbach.BertrandFamilyIndex
AlgebraicGoldbach.BertrandFamily,AlgebraicGoldbach.bertrandWindow,def,Defines bertrand Window in the declared module context; exact source is authoritative.,NOT SEPARATELY REPRINTED,Compiled Lean definition/type,e5c4e119473e0023b0f500e322b5ed1ac4013e00,paper/algebraic_sources/AlgebraicGoldbach/BertrandFamily.lean,2adc9e058d7c7bcdb2f9114489c7990d21fb59f7b8c22027ee559481a26860ea,21,def bertrandWindow (N m : ℕ) : Finset (Fin (N + 1)),False,ALG-LEAN-AlgebraicGoldbach.bertrandWindow
AlgebraicGoldbach.BertrandFamily,AlgebraicGoldbach.bertrandPolynomial,def,Defines bertrand Polynomial in the declared module context; exact source is authoritative.,NOT SEPARATELY REPRINTED,Compiled Lean definition/type,e5c4e119473e0023b0f500e322b5ed1ac4013e00,paper/algebraic_sources/AlgebraicGoldbach/BertrandFamily.lean,2adc9e058d7c7bcdb2f9114489c7990d21fb59f7b8c22027ee559481a26860ea,24,def bertrandPolynomial (N m : ℕ) : R N ℚ,False,ALG-LEAN-AlgebraicGoldbach.bertrandPolynomial
AlgebraicGoldbach.BertrandFamily,AlgebraicGoldbach.bertrandFamily,def,Defines bertrand Family in the declared module context; exact source is authoritative.,NOT SEPARATELY REPRINTED,Compiled Lean definition/type,e5c4e119473e0023b0f500e322b5ed1ac4013e00,paper/algebraic_sources/AlgebraicGoldbach/BertrandFamily.lean,2adc9e058d7c7bcdb2f9114489c7990d21fb59f7b8c22027ee559481a26860ea,27,def bertrandFamily (N : ℕ) : BertrandFamilyIndex N → R N ℚ,False,ALG-LEAN-AlgebraicGoldbach.bertrandFamily
AlgebraicGoldbach.BertrandFamily,AlgebraicGoldbach.modelPoint,def,Defines model Point in the declared module context; exact source is authoritative.,NOT SEPARATELY REPRINTED,Compiled Lean definition/type,e5c4e119473e0023b0f500e322b5ed1ac4013e00,paper/algebraic_sources/AlgebraicGoldbach/BertrandFamily.lean,2adc9e058d7c7bcdb2f9114489c7990d21fb59f7b8c22027ee559481a26860ea,31,def modelPoint (N : ℕ) : Fin (N + 1) → ℚ,False,ALG-LEAN-AlgebraicGoldbach.modelPoint
AlgebraicGoldbach.BertrandFamily,AlgebraicGoldbach.primePoint_bertrandPolynomial,theorem,The true prime point zeros the actual interval polynomial under its explicit interval hypotheses.,Classical.choice;Quot.sound;propext,Compiled Lean,e5c4e119473e0023b0f500e322b5ed1ac4013e00,paper/algebraic_sources/AlgebraicGoldbach/BertrandFamily.lean,2adc9e058d7c7bcdb2f9114489c7990d21fb59f7b8c22027ee559481a26860ea,33,theorem primePoint_bertrandPolynomial (N m : ℕ) (hm : 1 ≤ m) (hmN : 2 * m ≤ N) : eval (primePoint N ℚ) (bertrandPolynomial N m) = 0,False,ALG-LEAN-AlgebraicGoldbach.primePoint_bertrandPolynomial
AlgebraicGoldbach.BertrandFamily,AlgebraicGoldbach.primePoint_bertrandFamily,theorem,The true prime point zeros every actual coarse/Bertrand family generator.,Classical.choice;Quot.sound;propext,Compiled Lean,e5c4e119473e0023b0f500e322b5ed1ac4013e00,paper/algebraic_sources/AlgebraicGoldbach/BertrandFamily.lean,2adc9e058d7c7bcdb2f9114489c7990d21fb59f7b8c22027ee559481a26860ea,43,theorem primePoint_bertrandFamily (N : ℕ) (j : BertrandFamilyIndex N) : eval (primePoint N ℚ) (bertrandFamily N j) = 0,False,ALG-LEAN-AlgebraicGoldbach.primePoint_bertrandFamily
AlgebraicGoldbach.BertrandFamily,AlgebraicGoldbach.modelPoint_boolean,theorem,The explicit rational model satisfies every Boolean generator.,Classical.choice;Quot.sound;propext,Compiled Lean,e5c4e119473e0023b0f500e322b5ed1ac4013e00,paper/algebraic_sources/AlgebraicGoldbach/BertrandFamily.lean,2adc9e058d7c7bcdb2f9114489c7990d21fb59f7b8c22027ee559481a26860ea,49,theorem modelPoint_boolean (N : ℕ) (i : Fin (N + 1)) : eval (modelPoint N) (booleanConstraint i) = 0,False,ALG-LEAN-AlgebraicGoldbach.modelPoint_boolean
AlgebraicGoldbach.BertrandFamily,AlgebraicGoldbach.modelPoint_coarse,theorem,For N>=24 the explicit rational model satisfies the coarse generators.,Classical.choice;Quot.sound;propext,Compiled Lean,e5c4e119473e0023b0f500e322b5ed1ac4013e00,paper/algebraic_sources/AlgebraicGoldbach/BertrandFamily.lean,2adc9e058d7c7bcdb2f9114489c7990d21fb59f7b8c22027ee559481a26860ea,56,theorem modelPoint_coarse (N : ℕ) (hN : 24 ≤ N) (i : Fin (N + 1)) : eval (modelPoint N) (coarseConstraint i) = 0,False,ALG-LEAN-AlgebraicGoldbach.modelPoint_coarse
AlgebraicGoldbach.BertrandFamily,AlgebraicGoldbach.modelPoint_bertrandPolynomial,theorem,For N>=24 the model zeros the actual interval polynomial under its explicit interval hypotheses.,Classical.choice;Quot.sound;propext,Compiled Lean,e5c4e119473e0023b0f500e322b5ed1ac4013e00,paper/algebraic_sources/AlgebraicGoldbach/BertrandFamily.lean,2adc9e058d7c7bcdb2f9114489c7990d21fb59f7b8c22027ee559481a26860ea,70,theorem modelPoint_bertrandPolynomial (N : ℕ) (hN : 24 ≤ N) (m : ℕ) (hm : 1 ≤ m) (hmN : 2 * m ≤ N) : eval (modelPoint N) (bertrandPolynomial N m) = 0,False,ALG-LEAN-AlgebraicGoldbach.modelPoint_bertrandPolynomial
AlgebraicGoldbach.BertrandFamily,AlgebraicGoldbach.modelPoint_bertrandFamily,theorem,For N>=24 the model zeros every actual coarse/Bertrand generator.,Classical.choice;Quot.sound;propext,Compiled Lean,e5c4e119473e0023b0f500e322b5ed1ac4013e00,paper/algebraic_sources/AlgebraicGoldbach/BertrandFamily.lean,2adc9e058d7c7bcdb2f9114489c7990d21fb59f7b8c22027ee559481a26860ea,81,theorem modelPoint_bertrandFamily (N : ℕ) (hN : 24 ≤ N) (j : BertrandFamilyIndex N) : eval (modelPoint N) (bertrandFamily N j) = 0,False,ALG-LEAN-AlgebraicGoldbach.modelPoint_bertrandFamily
AlgebraicGoldbach.BertrandFamily,AlgebraicGoldbach.modelPoint_g_zero,theorem,For N>=24 the model zeros the original ordered g.,Classical.choice;Quot.sound;propext,Compiled Lean,e5c4e119473e0023b0f500e322b5ed1ac4013e00,paper/algebraic_sources/AlgebraicGoldbach/BertrandFamily.lean,2adc9e058d7c7bcdb2f9114489c7990d21fb59f7b8c22027ee559481a26860ea,87,theorem modelPoint_g_zero (N : ℕ) (hN : 24 ≤ N) : eval (modelPoint N) (g N ℚ) = 0,False,ALG-LEAN-AlgebraicGoldbach.modelPoint_g_zero
AlgebraicGoldbach.BertrandFamily,AlgebraicGoldbach.modelPoint_differs_from_primePoint,theorem,For N>=24 the explicit rational model differs from the prime point.,Classical.choice;Quot.sound;propext,Compiled Lean,e5c4e119473e0023b0f500e322b5ed1ac4013e00,paper/algebraic_sources/AlgebraicGoldbach/BertrandFamily.lean,2adc9e058d7c7bcdb2f9114489c7990d21fb59f7b8c22027ee559481a26860ea,95,theorem modelPoint_differs_from_primePoint (N : ℕ) (hN : 24 ≤ N) : modelPoint N ≠ primePoint N ℚ,False,ALG-LEAN-AlgebraicGoldbach.modelPoint_differs_from_primePoint
AlgebraicGoldbach.BertrandFamily,AlgebraicGoldbach.bertrandFamily_common_zero,theorem,For N>=24 an actual rational Boolean/coarse/Bertrand/g common zero is supplied.,Classical.choice;Quot.sound;propext,Compiled Lean,e5c4e119473e0023b0f500e322b5ed1ac4013e00,paper/algebraic_sources/AlgebraicGoldbach/BertrandFamily.lean,2adc9e058d7c7bcdb2f9114489c7990d21fb59f7b8c22027ee559481a26860ea,106,"theorem bertrandFamily_common_zero (N : ℕ) (hN : 24 ≤ N) : (∀ j, eval (modelPoint N) (bertrandFamily N j) = 0) ∧ (∀ i, eval (modelPoint N) (booleanConstraint i) = 0) ∧ eval (modelPoint N) (g N ℚ) = 0",False,ALG-LEAN-AlgebraicGoldbach.bertrandFamily_common_zero
AlgebraicGoldbach.BertrandFamily,AlgebraicGoldbach.bertrandFamily_has_second_boolean_solution,theorem,For N>=24 both prime and distinct model points satisfy the family without g.,Classical.choice;Quot.sound;propext,Compiled Lean,e5c4e119473e0023b0f500e322b5ed1ac4013e00,paper/algebraic_sources/AlgebraicGoldbach/BertrandFamily.lean,2adc9e058d7c7bcdb2f9114489c7990d21fb59f7b8c22027ee559481a26860ea,112,"theorem bertrandFamily_has_second_boolean_solution (N : ℕ) (hN : 24 ≤ N) : (∀ j, eval (primePoint N ℚ) (bertrandFamily N j) = 0) ∧ (∀ i, eval (primePoint N ℚ) (booleanConstraint i) = 0) ∧ (∀ j, eval (modelPoint N) (bertrandFamily N j) = 0) ∧ (∀ i, eval (modelPoint N) (booleanConstraint i) = 0) ∧ modelPoint N ≠ primePoint N ℚ",False,ALG-LEAN-AlgebraicGoldbach.bertrandFamily_has_second_boolean_solution
AlgebraicGoldbach.BertrandFamily,AlgebraicGoldbach.bertrandFamily_no_certificate,theorem,For N>=24 this exact coarse/Bertrand family has no supplied certificate identity.,Classical.choice;Quot.sound;propext,Compiled Lean,e5c4e119473e0023b0f500e322b5ed1ac4013e00,paper/algebraic_sources/AlgebraicGoldbach/BertrandFamily.lean,2adc9e058d7c7bcdb2f9114489c7990d21fb59f7b8c22027ee559481a26860ea,122,theorem bertrandFamily_no_certificate (N : ℕ) (hN : 24 ≤ N) (A : BertrandFamilyIndex N → R N ℚ) (U : Fin (N + 1) → R N ℚ) (B : R N ℚ) : ¬Certificate (bertrandFamily N) A U B,False,ALG-LEAN-AlgebraicGoldbach.bertrandFamily_no_certificate
AlgebraicGoldbach.CoprimeDivisor,AlgebraicGoldbach.CoprimeDivisor.Index,abbrev,Defines Index in the declared module context; exact source is authoritative.,NOT SEPARATELY REPRINTED,Compiled Lean definition/type,e5c4e119473e0023b0f500e322b5ed1ac4013e00,paper/algebraic_sources/AlgebraicGoldbach/CoprimeDivisor.lean,a6bebc7bef2b9386b72ef60801068c7850a66a53221678f2c9b152acfc457c11,16,abbrev Index (N : ℕ),False,ALG-LEAN-AlgebraicGoldbach.CoprimeDivisor.Index
AlgebraicGoldbach.CoprimeDivisor,AlgebraicGoldbach.CoprimeDivisor.pairDivisors,def,Defines pair Divisors in the declared module context; exact source is authoritative.,NOT SEPARATELY REPRINTED,Compiled Lean definition/type,e5c4e119473e0023b0f500e322b5ed1ac4013e00,paper/algebraic_sources/AlgebraicGoldbach/CoprimeDivisor.lean,a6bebc7bef2b9386b72ef60801068c7850a66a53221678f2c9b152acfc457c11,20,def pairDivisors (N u v : ℕ) : Finset (Fin (N + 1)),False,ALG-LEAN-AlgebraicGoldbach.CoprimeDivisor.pairDivisors
AlgebraicGoldbach.CoprimeDivisor,AlgebraicGoldbach.CoprimeDivisor.family,def,Defines family in the declared module context; exact source is authoritative.,NOT SEPARATELY REPRINTED,Compiled Lean definition/type,e5c4e119473e0023b0f500e322b5ed1ac4013e00,paper/algebraic_sources/AlgebraicGoldbach/CoprimeDivisor.lean,a6bebc7bef2b9386b72ef60801068c7850a66a53221678f2c9b152acfc457c11,23,def family (N : ℕ) (m : Index N) : R N ℚ,False,ALG-LEAN-AlgebraicGoldbach.CoprimeDivisor.family
AlgebraicGoldbach.CoprimeDivisor,AlgebraicGoldbach.CoprimeDivisor.NearFullPrimeSelection,def,Defines Near Full Prime Selection in the declared module context; exact source is authoritative.,NOT SEPARATELY REPRINTED,Compiled Lean definition/type,e5c4e119473e0023b0f500e322b5ed1ac4013e00,paper/algebraic_sources/AlgebraicGoldbach/CoprimeDivisor.lean,a6bebc7bef2b9386b72ef60801068c7850a66a53221678f2c9b152acfc457c11,26,def NearFullPrimeSelection (N : ℕ) (x : Fin (N + 1) → ℚ) : Prop,False,ALG-LEAN-AlgebraicGoldbach.CoprimeDivisor.NearFullPrimeSelection
AlgebraicGoldbach.CoprimeDivisor,AlgebraicGoldbach.CoprimeDivisor.omittedPrimes,def,Defines omitted Primes in the declared module context; exact source is authoritative.,NOT SEPARATELY REPRINTED,Compiled Lean definition/type,e5c4e119473e0023b0f500e322b5ed1ac4013e00,paper/algebraic_sources/AlgebraicGoldbach/CoprimeDivisor.lean,a6bebc7bef2b9386b72ef60801068c7850a66a53221678f2c9b152acfc457c11,30,def omittedPrimes (N : ℕ) (x : Fin (N + 1) → ℚ) : Finset (Fin (N + 1)),False,ALG-LEAN-AlgebraicGoldbach.CoprimeDivisor.omittedPrimes
AlgebraicGoldbach.CoprimeDivisor,AlgebraicGoldbach.CoprimeDivisor.nearFullPrimeSelection_iff_omitted_card_le_one,theorem,Near-full prime selection means at most one prime coordinate differs from one.,Classical.choice;Quot.sound;propext,Compiled Lean,e5c4e119473e0023b0f500e322b5ed1ac4013e00,paper/algebraic_sources/AlgebraicGoldbach/CoprimeDivisor.lean,a6bebc7bef2b9386b72ef60801068c7850a66a53221678f2c9b152acfc457c11,33,theorem nearFullPrimeSelection_iff_omitted_card_le_one {N : ℕ} (x : Fin (N + 1) → ℚ) : NearFullPrimeSelection N x ↔ (omittedPrimes N x).card ≤ 1,False,ALG-LEAN-AlgebraicGoldbach.CoprimeDivisor.nearFullPrimeSelection_iff_omitted_card_le_one
AlgebraicGoldbach.CoprimeDivisor,AlgebraicGoldbach.CoprimeDivisor.pairDivisors_prime_pair,theorem,The coprime-prime pair divisor set consists of those two primes.,Classical.choice;Quot.sound;propext,Compiled Lean,e5c4e119473e0023b0f500e322b5ed1ac4013e00,paper/algebraic_sources/AlgebraicGoldbach/CoprimeDivisor.lean,a6bebc7bef2b9386b72ef60801068c7850a66a53221678f2c9b152acfc457c11,55,"theorem pairDivisors_prime_pair (N : ℕ) (p q : Fin (N + 1)) (hp : Nat.Prime p.val) (hq : Nat.Prime q.val) : pairDivisors N p.val q.val = {p, q}",False,ALG-LEAN-AlgebraicGoldbach.CoprimeDivisor.pairDivisors_prime_pair
AlgebraicGoldbach.CoprimeDivisor,AlgebraicGoldbach.CoprimeDivisor.family_implies_ordered_prime_pair_selected,theorem,The coprime family forces at least one coordinate of each ordered distinct prime pair to be one.,Classical.choice;Quot.sound;propext,Compiled Lean,e5c4e119473e0023b0f500e322b5ed1ac4013e00,paper/algebraic_sources/AlgebraicGoldbach/CoprimeDivisor.lean,a6bebc7bef2b9386b72ef60801068c7850a66a53221678f2c9b152acfc457c11,72,"theorem family_implies_ordered_prime_pair_selected {N : ℕ} (x : Fin (N + 1) → ℚ) (hF : ∀ m, eval x (family N m) = 0) (p q : Fin (N + 1)) (hp : Nat.Prime p.val) (hq : Nat.Prime q.val) (hpq : p.val < q.val) : x p = 1 ∨ x q = 1",False,ALG-LEAN-AlgebraicGoldbach.CoprimeDivisor.family_implies_ordered_prime_pair_selected
AlgebraicGoldbach.CoprimeDivisor,AlgebraicGoldbach.CoprimeDivisor.family_implies_nearFullPrimeSelection,theorem,The coprime-divisor family implies near-full prime selection.,Classical.choice;Quot.sound;propext,Compiled Lean,e5c4e119473e0023b0f500e322b5ed1ac4013e00,paper/algebraic_sources/AlgebraicGoldbach/CoprimeDivisor.lean,a6bebc7bef2b9386b72ef60801068c7850a66a53221678f2c9b152acfc457c11,89,"theorem family_implies_nearFullPrimeSelection {N : ℕ} (x : Fin (N + 1) → ℚ) (hF : ∀ m, eval x (family N m) = 0) : NearFullPrimeSelection N x",False,ALG-LEAN-AlgebraicGoldbach.CoprimeDivisor.family_implies_nearFullPrimeSelection
AlgebraicGoldbach.CoprimeDivisor,AlgebraicGoldbach.CoprimeDivisor.nearFullPrimeSelection_implies_family,theorem,Near-full prime selection implies all coprime-divisor equations.,Classical.choice;Quot.sound;propext,Compiled Lean,e5c4e119473e0023b0f500e322b5ed1ac4013e00,paper/algebraic_sources/AlgebraicGoldbach/CoprimeDivisor.lean,a6bebc7bef2b9386b72ef60801068c7850a66a53221678f2c9b152acfc457c11,100,theorem nearFullPrimeSelection_implies_family {N : ℕ} (x : Fin (N + 1) → ℚ) (hx : NearFullPrimeSelection N x) (m : Index N) : eval x (family N m) = 0,False,ALG-LEAN-AlgebraicGoldbach.CoprimeDivisor.nearFullPrimeSelection_implies_family
AlgebraicGoldbach.CoprimeDivisor,AlgebraicGoldbach.CoprimeDivisor.family_iff_nearFullPrimeSelection,theorem,The rational coprime-divisor equations are exactly near-full prime selection.,Classical.choice;Quot.sound;propext,Compiled Lean,e5c4e119473e0023b0f500e322b5ed1ac4013e00,paper/algebraic_sources/AlgebraicGoldbach/CoprimeDivisor.lean,a6bebc7bef2b9386b72ef60801068c7850a66a53221678f2c9b152acfc457c11,133,"theorem family_iff_nearFullPrimeSelection {N : ℕ} (x : Fin (N + 1) → ℚ) : (∀ m, eval x (family N m) = 0) ↔ NearFullPrimeSelection N x",False,ALG-LEAN-AlgebraicGoldbach.CoprimeDivisor.family_iff_nearFullPrimeSelection
AlgebraicGoldbach.CoprimeDivisor,AlgebraicGoldbach.CoprimeDivisor.family_iff_at_most_one_omitted_prime,theorem,The rational coprime-divisor equations hold iff at most one prime coordinate differs from one.,Classical.choice;Quot.sound;propext,Compiled Lean,e5c4e119473e0023b0f500e322b5ed1ac4013e00,paper/algebraic_sources/AlgebraicGoldbach/CoprimeDivisor.lean,a6bebc7bef2b9386b72ef60801068c7850a66a53221678f2c9b152acfc457c11,137,"theorem family_iff_at_most_one_omitted_prime {N : ℕ} (x : Fin (N + 1) → ℚ) : (∀ m, eval x (family N m) = 0) ↔ (omittedPrimes N x).card ≤ 1",False,ALG-LEAN-AlgebraicGoldbach.CoprimeDivisor.family_iff_at_most_one_omitted_prime
AlgebraicGoldbach.CoprimeDivisor,AlgebraicGoldbach.CoprimeDivisor.primePoint_family,theorem,The prime point satisfies this module's actual family under its declared index hypotheses.,Classical.choice;Quot.sound;propext,Compiled Lean,e5c4e119473e0023b0f500e322b5ed1ac4013e00,paper/algebraic_sources/AlgebraicGoldbach/CoprimeDivisor.lean,a6bebc7bef2b9386b72ef60801068c7850a66a53221678f2c9b152acfc457c11,142,theorem primePoint_family (N : ℕ) (m : Index N) : eval (primePoint N ℚ) (family N m) = 0,False,ALG-LEAN-AlgebraicGoldbach.CoprimeDivisor.primePoint_family
AlgebraicGoldbach.CoprimeDivisor,AlgebraicGoldbach.CoprimeDivisor.onePoint_family,theorem,The all-one point satisfies this module's family.,Classical.choice;Quot.sound;propext,Compiled Lean,e5c4e119473e0023b0f500e322b5ed1ac4013e00,paper/algebraic_sources/AlgebraicGoldbach/CoprimeDivisor.lean,a6bebc7bef2b9386b72ef60801068c7850a66a53221678f2c9b152acfc457c11,148,theorem onePoint_family (N : ℕ) (m : Index N) : eval (ProperBertrand.onePoint N) (family N m) = 0,False,ALG-LEAN-AlgebraicGoldbach.CoprimeDivisor.onePoint_family
AlgebraicGoldbach.CoprimeDivisor,AlgebraicGoldbach.CoprimeDivisor.exceptPoint_family,theorem,The one-coordinate-flip point satisfies this module's family.,Classical.choice;Quot.sound;propext,Compiled Lean,e5c4e119473e0023b0f500e322b5ed1ac4013e00,paper/algebraic_sources/AlgebraicGoldbach/CoprimeDivisor.lean,a6bebc7bef2b9386b72ef60801068c7850a66a53221678f2c9b152acfc457c11,154,theorem exceptPoint_family (N : ℕ) (target : Fin (N + 1)) (m : Index N) : eval (ProperBertrand.exceptPoint N target) (family N m) = 0,False,ALG-LEAN-AlgebraicGoldbach.CoprimeDivisor.exceptPoint_family
AlgebraicGoldbach.CoprimeDivisor,AlgebraicGoldbach.CoprimeDivisor.family_does_not_pin_any_coordinate,theorem,For every coordinate the family has a Boolean model taking each of zero and one there.,Classical.choice;Quot.sound;propext,Compiled Lean,e5c4e119473e0023b0f500e322b5ed1ac4013e00,paper/algebraic_sources/AlgebraicGoldbach/CoprimeDivisor.lean,a6bebc7bef2b9386b72ef60801068c7850a66a53221678f2c9b152acfc457c11,165,"theorem family_does_not_pin_any_coordinate (N : ℕ) (target : Fin (N + 1)) : (∀ m, eval (ProperBertrand.exceptPoint N target) (family N m) = 0) ∧ (∀ i, eval (ProperBertrand.exceptPoint N target) (booleanConstraint i) = 0) ∧ ProperBertrand.exceptPoint N target target = 0 ∧ (∀ m, eval (ProperBertrand.onePoint N) (family N m) = 0) ∧ (∀ i, eval (ProperBertrand.onePoint N) (booleanConstraint i) = 0) ∧ ProperBertrand.onePoint N target = 1",False,ALG-LEAN-AlgebraicGoldbach.CoprimeDivisor.family_does_not_pin_any_coordinate
AlgebraicGoldbach.CoprimeDivisor,AlgebraicGoldbach.CoprimeDivisor.family_has_second_boolean_solution,theorem,A Boolean family model distinct from the prime point is supplied under the exact source hypotheses.,Classical.choice;Quot.sound;propext,Compiled Lean,e5c4e119473e0023b0f500e322b5ed1ac4013e00,paper/algebraic_sources/AlgebraicGoldbach/CoprimeDivisor.lean,a6bebc7bef2b9386b72ef60801068c7850a66a53221678f2c9b152acfc457c11,176,"theorem family_has_second_boolean_solution (N : ℕ) : (∀ m, eval (primePoint N ℚ) (family N m) = 0) ∧ (∀ i, eval (primePoint N ℚ) (booleanConstraint i) = 0) ∧ (∀ m, eval (ProperBertrand.onePoint N) (family N m) = 0) ∧ (∀ i, eval (ProperBertrand.onePoint N) (booleanConstraint i) = 0) ∧ ProperBertrand.onePoint N ≠ primePoint N ℚ",False,ALG-LEAN-AlgebraicGoldbach.CoprimeDivisor.family_has_second_boolean_solution
AlgebraicGoldbach.CoprimeKaryCountermodel,AlgebraicGoldbach.CoprimeKaryCountermodel.arithmeticIndexFintype,instance,The separately printed finite-index instance used by the actual k-ary N=4 family.,NOT SEPARATELY REPRINTED,Compiled Lean definition/type,e5c4e119473e0023b0f500e322b5ed1ac4013e00,paper/algebraic_sources/AlgebraicGoldbach/CoprimeKaryCountermodel.lean,b96177cd7595e6622dfaa1143c8e5a06df1f959f308b2faeeaedb7a5aa1f6d30,16,instance arithmeticIndexFintype (N k : ℕ) : Fintype (ArithmeticIndex N k),False,ALG-LEAN-AlgebraicGoldbach.CoprimeKaryCountermodel.arithmeticIndexFintype
AlgebraicGoldbach.CoprimeKaryCountermodel,AlgebraicGoldbach.CoprimeKaryCountermodel.modelAtFour,def,Defines model At Four in the declared module context; exact source is authoritative.,NOT SEPARATELY REPRINTED,Compiled Lean definition/type,e5c4e119473e0023b0f500e322b5ed1ac4013e00,paper/algebraic_sources/AlgebraicGoldbach/CoprimeKaryCountermodel.lean,b96177cd7595e6622dfaa1143c8e5a06df1f959f308b2faeeaedb7a5aa1f6d30,19,def modelAtFour : Fin 5 → ℚ,False,ALG-LEAN-AlgebraicGoldbach.CoprimeKaryCountermodel.modelAtFour
AlgebraicGoldbach.CoprimeKaryCountermodel,AlgebraicGoldbach.CoprimeKaryCountermodel.modelAtFour_omittedPrimes,theorem,The N=4 model's omitted-prime set is the singleton containing two.,Classical.choice;Quot.sound;propext,Compiled Lean,e5c4e119473e0023b0f500e322b5ed1ac4013e00,paper/algebraic_sources/AlgebraicGoldbach/CoprimeKaryCountermodel.lean,b96177cd7595e6622dfaa1143c8e5a06df1f959f308b2faeeaedb7a5aa1f6d30,21,theorem modelAtFour_omittedPrimes : CoprimeDivisor.omittedPrimes 4 modelAtFour = {(2 : Fin 5)},False,ALG-LEAN-AlgebraicGoldbach.CoprimeKaryCountermodel.modelAtFour_omittedPrimes
AlgebraicGoldbach.CoprimeKaryCountermodel,AlgebraicGoldbach.CoprimeKaryCountermodel.modelAtFour_omitted_card,theorem,The N=4 model omits exactly one prime coordinate.,Classical.choice;Quot.sound;propext,Compiled Lean,e5c4e119473e0023b0f500e322b5ed1ac4013e00,paper/algebraic_sources/AlgebraicGoldbach/CoprimeKaryCountermodel.lean,b96177cd7595e6622dfaa1143c8e5a06df1f959f308b2faeeaedb7a5aa1f6d30,26,theorem modelAtFour_omitted_card : (CoprimeDivisor.omittedPrimes 4 modelAtFour).card = 1,False,ALG-LEAN-AlgebraicGoldbach.CoprimeKaryCountermodel.modelAtFour_omitted_card
AlgebraicGoldbach.CoprimeKaryCountermodel,AlgebraicGoldbach.CoprimeKaryCountermodel.modelAtFour_family,theorem,For k>=2 the N=4 model satisfies the actual arithmetic family.,Classical.choice;Quot.sound;propext,Compiled Lean,e5c4e119473e0023b0f500e322b5ed1ac4013e00,paper/algebraic_sources/AlgebraicGoldbach/CoprimeKaryCountermodel.lean,b96177cd7595e6622dfaa1143c8e5a06df1f959f308b2faeeaedb7a5aa1f6d30,31,theorem modelAtFour_family (k : ℕ) (hk : 2 ≤ k) (S : ArithmeticIndex 4 k) : eval modelAtFour (arithmeticFamily 4 k S) = 0,False,ALG-LEAN-AlgebraicGoldbach.CoprimeKaryCountermodel.modelAtFour_family
AlgebraicGoldbach.CoprimeKaryCountermodel,AlgebraicGoldbach.CoprimeKaryCountermodel.modelAtFour_boolean,theorem,The N=4 model satisfies every Boolean generator.,Classical.choice;Quot.sound;propext,Compiled Lean,e5c4e119473e0023b0f500e322b5ed1ac4013e00,paper/algebraic_sources/AlgebraicGoldbach/CoprimeKaryCountermodel.lean,b96177cd7595e6622dfaa1143c8e5a06df1f959f308b2faeeaedb7a5aa1f6d30,37,theorem modelAtFour_boolean (i : Fin 5) : eval modelAtFour (booleanConstraint i) = 0,False,ALG-LEAN-AlgebraicGoldbach.CoprimeKaryCountermodel.modelAtFour_boolean
AlgebraicGoldbach.CoprimeKaryCountermodel,AlgebraicGoldbach.CoprimeKaryCountermodel.modelAtFour_g_zero,theorem,"The N=4 model zeros the original ordered g, including its midpoint loop.",Classical.choice;Quot.sound;propext,Compiled Lean,e5c4e119473e0023b0f500e322b5ed1ac4013e00,paper/algebraic_sources/AlgebraicGoldbach/CoprimeKaryCountermodel.lean,b96177cd7595e6622dfaa1143c8e5a06df1f959f308b2faeeaedb7a5aa1f6d30,43,theorem modelAtFour_g_zero : eval modelAtFour (g 4 ℚ) = 0,False,ALG-LEAN-AlgebraicGoldbach.CoprimeKaryCountermodel.modelAtFour_g_zero
AlgebraicGoldbach.CoprimeKaryCountermodel,AlgebraicGoldbach.CoprimeKaryCountermodel.family_no_certificate_at_four,theorem,For every k>=2 this exact k-ary family has no certificate at N=4.,Classical.choice;Quot.sound;propext,Compiled Lean,e5c4e119473e0023b0f500e322b5ed1ac4013e00,paper/algebraic_sources/AlgebraicGoldbach/CoprimeKaryCountermodel.lean,b96177cd7595e6622dfaa1143c8e5a06df1f959f308b2faeeaedb7a5aa1f6d30,46,theorem family_no_certificate_at_four (k : ℕ) (hk : 2 ≤ k) (A : ArithmeticIndex 4 k → R 4 ℚ) (U : Fin 5 → R 4 ℚ) (B : R 4 ℚ) : ¬ Certificate (arithmeticFamily 4 k) A U B,False,ALG-LEAN-AlgebraicGoldbach.CoprimeKaryCountermodel.family_no_certificate_at_four
AlgebraicGoldbach.CoprimeKaryIdeal,AlgebraicGoldbach.CoprimeKaryIdeal.ArithmeticAllowed,def,Defines Arithmetic Allowed in the declared module context; exact source is authoritative.,NOT SEPARATELY REPRINTED,Compiled Lean definition/type,e5c4e119473e0023b0f500e322b5ed1ac4013e00,paper/algebraic_sources/AlgebraicGoldbach/CoprimeKaryIdeal.lean,e5fe37b43893f85d0780bb302950c4b3f4e09c98447d7bd128fc444363bd6a93,16,def ArithmeticAllowed {N : ℕ} (k : ℕ) (S : Finset (Fin (N + 1))) : Prop,False,ALG-LEAN-AlgebraicGoldbach.CoprimeKaryIdeal.ArithmeticAllowed
AlgebraicGoldbach.CoprimeKaryIdeal,AlgebraicGoldbach.CoprimeKaryIdeal.PrimeAllowed,def,Defines Prime Allowed in the declared module context; exact source is authoritative.,NOT SEPARATELY REPRINTED,Compiled Lean definition/type,e5c4e119473e0023b0f500e322b5ed1ac4013e00,paper/algebraic_sources/AlgebraicGoldbach/CoprimeKaryIdeal.lean,e5fe37b43893f85d0780bb302950c4b3f4e09c98447d7bd128fc444363bd6a93,20,def PrimeAllowed {N : ℕ} (k : ℕ) (T : Finset (Fin (N + 1))) : Prop,False,ALG-LEAN-AlgebraicGoldbach.CoprimeKaryIdeal.PrimeAllowed
AlgebraicGoldbach.CoprimeKaryIdeal,AlgebraicGoldbach.CoprimeKaryIdeal.ArithmeticIndex,abbrev,Defines Arithmetic Index in the declared module context; exact source is authoritative.,NOT SEPARATELY REPRINTED,Compiled Lean definition/type,e5c4e119473e0023b0f500e322b5ed1ac4013e00,paper/algebraic_sources/AlgebraicGoldbach/CoprimeKaryIdeal.lean,e5fe37b43893f85d0780bb302950c4b3f4e09c98447d7bd128fc444363bd6a93,23,abbrev ArithmeticIndex (N k : ℕ),False,ALG-LEAN-AlgebraicGoldbach.CoprimeKaryIdeal.ArithmeticIndex
AlgebraicGoldbach.CoprimeKaryIdeal,AlgebraicGoldbach.CoprimeKaryIdeal.PrimeIndex,abbrev,Defines Prime Index in the declared module context; exact source is authoritative.,NOT SEPARATELY REPRINTED,Compiled Lean definition/type,e5c4e119473e0023b0f500e322b5ed1ac4013e00,paper/algebraic_sources/AlgebraicGoldbach/CoprimeKaryIdeal.lean,e5fe37b43893f85d0780bb302950c4b3f4e09c98447d7bd128fc444363bd6a93,26,abbrev PrimeIndex (N k : ℕ),False,ALG-LEAN-AlgebraicGoldbach.CoprimeKaryIdeal.PrimeIndex
AlgebraicGoldbach.CoprimeKaryIdeal,AlgebraicGoldbach.CoprimeKaryIdeal.divisors,def,Defines divisors in the declared module context; exact source is authoritative.,NOT SEPARATELY REPRINTED,Compiled Lean definition/type,e5c4e119473e0023b0f500e322b5ed1ac4013e00,paper/algebraic_sources/AlgebraicGoldbach/CoprimeKaryIdeal.lean,e5fe37b43893f85d0780bb302950c4b3f4e09c98447d7bd128fc444363bd6a93,29,def divisors (N : ℕ) (S : Finset (Fin (N + 1))) : Finset (Fin (N + 1)),False,ALG-LEAN-AlgebraicGoldbach.CoprimeKaryIdeal.divisors
AlgebraicGoldbach.CoprimeKaryIdeal,AlgebraicGoldbach.CoprimeKaryIdeal.product,def,Defines product in the declared module context; exact source is authoritative.,NOT SEPARATELY REPRINTED,Compiled Lean definition/type,e5c4e119473e0023b0f500e322b5ed1ac4013e00,paper/algebraic_sources/AlgebraicGoldbach/CoprimeKaryIdeal.lean,e5fe37b43893f85d0780bb302950c4b3f4e09c98447d7bd128fc444363bd6a93,32,def product (N : ℕ) (T : Finset (Fin (N + 1))) : R N ℚ,False,ALG-LEAN-AlgebraicGoldbach.CoprimeKaryIdeal.product
AlgebraicGoldbach.CoprimeKaryIdeal,AlgebraicGoldbach.CoprimeKaryIdeal.arithmeticFamily,def,Defines arithmetic Family in the declared module context; exact source is authoritative.,NOT SEPARATELY REPRINTED,Compiled Lean definition/type,e5c4e119473e0023b0f500e322b5ed1ac4013e00,paper/algebraic_sources/AlgebraicGoldbach/CoprimeKaryIdeal.lean,e5fe37b43893f85d0780bb302950c4b3f4e09c98447d7bd128fc444363bd6a93,35,def arithmeticFamily (N k : ℕ) (S : ArithmeticIndex N k) : R N ℚ,False,ALG-LEAN-AlgebraicGoldbach.CoprimeKaryIdeal.arithmeticFamily
AlgebraicGoldbach.CoprimeKaryIdeal,AlgebraicGoldbach.CoprimeKaryIdeal.primeFamily,def,Defines prime Family in the declared module context; exact source is authoritative.,NOT SEPARATELY REPRINTED,Compiled Lean definition/type,e5c4e119473e0023b0f500e322b5ed1ac4013e00,paper/algebraic_sources/AlgebraicGoldbach/CoprimeKaryIdeal.lean,e5fe37b43893f85d0780bb302950c4b3f4e09c98447d7bd128fc444363bd6a93,38,def primeFamily (N k : ℕ) (T : PrimeIndex N k) : R N ℚ,False,ALG-LEAN-AlgebraicGoldbach.CoprimeKaryIdeal.primeFamily
AlgebraicGoldbach.CoprimeKaryIdeal,AlgebraicGoldbach.CoprimeKaryIdeal.arithmeticIdeal,def,Defines arithmetic Ideal in the declared module context; exact source is authoritative.,NOT SEPARATELY REPRINTED,Compiled Lean definition/type,e5c4e119473e0023b0f500e322b5ed1ac4013e00,paper/algebraic_sources/AlgebraicGoldbach/CoprimeKaryIdeal.lean,e5fe37b43893f85d0780bb302950c4b3f4e09c98447d7bd128fc444363bd6a93,41,def arithmeticIdeal (N k : ℕ) : Ideal (R N ℚ),False,ALG-LEAN-AlgebraicGoldbach.CoprimeKaryIdeal.arithmeticIdeal
AlgebraicGoldbach.CoprimeKaryIdeal,AlgebraicGoldbach.CoprimeKaryIdeal.primeIdeal,def,Defines prime Ideal in the declared module context; exact source is authoritative.,NOT SEPARATELY REPRINTED,Compiled Lean definition/type,e5c4e119473e0023b0f500e322b5ed1ac4013e00,paper/algebraic_sources/AlgebraicGoldbach/CoprimeKaryIdeal.lean,e5fe37b43893f85d0780bb302950c4b3f4e09c98447d7bd128fc444363bd6a93,44,def primeIdeal (N k : ℕ) : Ideal (R N ℚ),False,ALG-LEAN-AlgebraicGoldbach.CoprimeKaryIdeal.primeIdeal
AlgebraicGoldbach.CoprimeKaryIdeal,AlgebraicGoldbach.CoprimeKaryIdeal.leastFactor,def,Defines least Factor in the declared module context; exact source is authoritative.,NOT SEPARATELY REPRINTED,Compiled Lean definition/type,e5c4e119473e0023b0f500e322b5ed1ac4013e00,paper/algebraic_sources/AlgebraicGoldbach/CoprimeKaryIdeal.lean,e5fe37b43893f85d0780bb302950c4b3f4e09c98447d7bd128fc444363bd6a93,47,def leastFactor {N : ℕ} (u : Fin (N + 1)) : Fin (N + 1),False,ALG-LEAN-AlgebraicGoldbach.CoprimeKaryIdeal.leastFactor
AlgebraicGoldbach.CoprimeKaryIdeal,AlgebraicGoldbach.CoprimeKaryIdeal.leastFactor_val,theorem,The bounded least-factor coordinate has the expected natural value.,Classical.choice;Quot.sound;propext,Compiled Lean,e5c4e119473e0023b0f500e322b5ed1ac4013e00,paper/algebraic_sources/AlgebraicGoldbach/CoprimeKaryIdeal.lean,e5fe37b43893f85d0780bb302950c4b3f4e09c98447d7bd128fc444363bd6a93,52,theorem leastFactor_val {N : ℕ} (u : Fin (N + 1)) (hu : 2 ≤ u.val) : (leastFactor u).val = Nat.minFac u.val,False,ALG-LEAN-AlgebraicGoldbach.CoprimeKaryIdeal.leastFactor_val
AlgebraicGoldbach.CoprimeKaryIdeal,AlgebraicGoldbach.CoprimeKaryIdeal.leastFactor_prime,theorem,Under the explicit lower bound the least-factor coordinate is prime.,Classical.choice;Quot.sound;propext,Compiled Lean,e5c4e119473e0023b0f500e322b5ed1ac4013e00,paper/algebraic_sources/AlgebraicGoldbach/CoprimeKaryIdeal.lean,e5fe37b43893f85d0780bb302950c4b3f4e09c98447d7bd128fc444363bd6a93,56,theorem leastFactor_prime {N : ℕ} (u : Fin (N + 1)) (hu : 2 ≤ u.val) : Nat.Prime (leastFactor u).val,False,ALG-LEAN-AlgebraicGoldbach.CoprimeKaryIdeal.leastFactor_prime
AlgebraicGoldbach.CoprimeKaryIdeal,AlgebraicGoldbach.CoprimeKaryIdeal.leastFactor_dvd,theorem,The least-factor coordinate divides the original number.,Classical.choice;Quot.sound;propext,Compiled Lean,e5c4e119473e0023b0f500e322b5ed1ac4013e00,paper/algebraic_sources/AlgebraicGoldbach/CoprimeKaryIdeal.lean,e5fe37b43893f85d0780bb302950c4b3f4e09c98447d7bd128fc444363bd6a93,61,theorem leastFactor_dvd {N : ℕ} (u : Fin (N + 1)) (hu : 2 ≤ u.val) : (leastFactor u).val ∣ u.val,False,ALG-LEAN-AlgebraicGoldbach.CoprimeKaryIdeal.leastFactor_dvd
AlgebraicGoldbach.CoprimeKaryIdeal,AlgebraicGoldbach.CoprimeKaryIdeal.leastFactor_injective_on,theorem,Least-factor selection is injective on the declared pairwise-coprime arithmetic index.,Classical.choice;Quot.sound;propext,Compiled Lean,e5c4e119473e0023b0f500e322b5ed1ac4013e00,paper/algebraic_sources/AlgebraicGoldbach/CoprimeKaryIdeal.lean,e5fe37b43893f85d0780bb302950c4b3f4e09c98447d7bd128fc444363bd6a93,66,theorem leastFactor_injective_on {N k : ℕ} (S : Finset (Fin (N + 1))) (hS : ArithmeticAllowed k S) : Set.InjOn (leastFactor (N := N)) (S : Set (Fin (N + 1))),False,ALG-LEAN-AlgebraicGoldbach.CoprimeKaryIdeal.leastFactor_injective_on
AlgebraicGoldbach.CoprimeKaryIdeal,AlgebraicGoldbach.CoprimeKaryIdeal.leastFactor_image_primeAllowed,theorem,The least-factor image is an allowed prime k-subset.,Classical.choice;Quot.sound;propext,Compiled Lean,e5c4e119473e0023b0f500e322b5ed1ac4013e00,paper/algebraic_sources/AlgebraicGoldbach/CoprimeKaryIdeal.lean,e5fe37b43893f85d0780bb302950c4b3f4e09c98447d7bd128fc444363bd6a93,78,theorem leastFactor_image_primeAllowed {N k : ℕ} (S : Finset (Fin (N + 1))) (hS : ArithmeticAllowed k S) : PrimeAllowed k (S.image leastFactor),False,ALG-LEAN-AlgebraicGoldbach.CoprimeKaryIdeal.leastFactor_image_primeAllowed
AlgebraicGoldbach.CoprimeKaryIdeal,AlgebraicGoldbach.CoprimeKaryIdeal.leastFactor_image_subset_divisors,theorem,The least-factor image lies in the arithmetic divisor set.,Classical.choice;Quot.sound;propext,Compiled Lean,e5c4e119473e0023b0f500e322b5ed1ac4013e00,paper/algebraic_sources/AlgebraicGoldbach/CoprimeKaryIdeal.lean,e5fe37b43893f85d0780bb302950c4b3f4e09c98447d7bd128fc444363bd6a93,87,theorem leastFactor_image_subset_divisors {N k : ℕ} (S : Finset (Fin (N + 1))) (hS : ArithmeticAllowed k S) : S.image leastFactor ⊆ divisors N S,False,ALG-LEAN-AlgebraicGoldbach.CoprimeKaryIdeal.leastFactor_image_subset_divisors
AlgebraicGoldbach.CoprimeKaryIdeal,AlgebraicGoldbach.CoprimeKaryIdeal.primeAllowed_arithmeticAllowed,theorem,An allowed prime k-subset is an allowed arithmetic index.,Classical.choice;Quot.sound;propext,Compiled Lean,e5c4e119473e0023b0f500e322b5ed1ac4013e00,paper/algebraic_sources/AlgebraicGoldbach/CoprimeKaryIdeal.lean,e5fe37b43893f85d0780bb302950c4b3f4e09c98447d7bd128fc444363bd6a93,97,theorem primeAllowed_arithmeticAllowed {N k : ℕ} (T : Finset (Fin (N + 1))) (hT : PrimeAllowed k T) : ArithmeticAllowed k T,False,ALG-LEAN-AlgebraicGoldbach.CoprimeKaryIdeal.primeAllowed_arithmeticAllowed
AlgebraicGoldbach.CoprimeKaryIdeal,AlgebraicGoldbach.CoprimeKaryIdeal.prime_divisors_eq,theorem,The divisor set of an allowed prime subset is that subset.,Classical.choice;Quot.sound;propext,Compiled Lean,e5c4e119473e0023b0f500e322b5ed1ac4013e00,paper/algebraic_sources/AlgebraicGoldbach/CoprimeKaryIdeal.lean,e5fe37b43893f85d0780bb302950c4b3f4e09c98447d7bd128fc444363bd6a93,108,theorem prime_divisors_eq {N k : ℕ} (T : Finset (Fin (N + 1))) (hT : PrimeAllowed k T) : divisors N T = T,False,ALG-LEAN-AlgebraicGoldbach.CoprimeKaryIdeal.prime_divisors_eq
AlgebraicGoldbach.CoprimeKaryIdeal,AlgebraicGoldbach.CoprimeKaryIdeal.arithmetic_factorization,theorem,The actual arithmetic product factors through its selected least-prime-factor product.,Classical.choice;Quot.sound;propext,Compiled Lean,e5c4e119473e0023b0f500e322b5ed1ac4013e00,paper/algebraic_sources/AlgebraicGoldbach/CoprimeKaryIdeal.lean,e5fe37b43893f85d0780bb302950c4b3f4e09c98447d7bd128fc444363bd6a93,120,theorem arithmetic_factorization {N k : ℕ} (S : Finset (Fin (N + 1))) (hS : ArithmeticAllowed k S) : product N (divisors N S) = product N (S.image leastFactor) * product N (divisors N S \ S.image leastFactor),False,ALG-LEAN-AlgebraicGoldbach.CoprimeKaryIdeal.arithmetic_factorization
AlgebraicGoldbach.CoprimeKaryIdeal,AlgebraicGoldbach.CoprimeKaryIdeal.arithmeticIdeal_eq_primeIdeal,theorem,The actual rational arithmetic k-ary ideal equals the prime k-subset ideal.,Classical.choice;Quot.sound;propext,Compiled Lean,e5c4e119473e0023b0f500e322b5ed1ac4013e00,paper/algebraic_sources/AlgebraicGoldbach/CoprimeKaryIdeal.lean,e5fe37b43893f85d0780bb302950c4b3f4e09c98447d7bd128fc444363bd6a93,130,theorem arithmeticIdeal_eq_primeIdeal (N k : ℕ) : arithmeticIdeal N k = primeIdeal N k,False,ALG-LEAN-AlgebraicGoldbach.CoprimeKaryIdeal.arithmeticIdeal_eq_primeIdeal
AlgebraicGoldbach.CoprimeKaryModels,AlgebraicGoldbach.CoprimeKaryModels.family_iff_omitted_card_lt,theorem,"For arbitrary rational points, the k-ary family holds iff fewer than k prime coordinates differ from one.",Classical.choice;Quot.sound;propext,Compiled Lean,e5c4e119473e0023b0f500e322b5ed1ac4013e00,paper/algebraic_sources/AlgebraicGoldbach/CoprimeKaryModels.lean,0e267679324d1849bff1af375e43f2a35272950e5623bf49100edb7495a3f45d,15,"theorem family_iff_omitted_card_lt (N k : ℕ) (x : Fin (N + 1) → ℚ) : (∀ S : ArithmeticIndex N k, eval x (arithmeticFamily N k S) = 0) ↔ (CoprimeDivisor.omittedPrimes N x).card < k",False,ALG-LEAN-AlgebraicGoldbach.CoprimeKaryModels.family_iff_omitted_card_lt
AlgebraicGoldbach.FactorCoverage,AlgebraicGoldbach.FactorCoverage.properDivisors,def,Defines proper Divisors in the declared module context; exact source is authoritative.,NOT SEPARATELY REPRINTED,Compiled Lean definition/type,e5c4e119473e0023b0f500e322b5ed1ac4013e00,paper/algebraic_sources/AlgebraicGoldbach/FactorCoverage.lean,7b323883260e30a4df7bece2a2fe23aab7c88a6d537b1f25cec02cbb6eb9a85a,11,def properDivisors (N m : ℕ) : Finset (Fin (N + 1)),False,ALG-LEAN-AlgebraicGoldbach.FactorCoverage.properDivisors
AlgebraicGoldbach.FactorCoverage,AlgebraicGoldbach.FactorCoverage.factorPolynomial,def,Defines factor Polynomial in the declared module context; exact source is authoritative.,NOT SEPARATELY REPRINTED,Compiled Lean definition/type,e5c4e119473e0023b0f500e322b5ed1ac4013e00,paper/algebraic_sources/AlgebraicGoldbach/FactorCoverage.lean,7b323883260e30a4df7bece2a2fe23aab7c88a6d537b1f25cec02cbb6eb9a85a,14,def factorPolynomial (N m : ℕ) : R N ℚ,False,ALG-LEAN-AlgebraicGoldbach.FactorCoverage.factorPolynomial
AlgebraicGoldbach.FactorCoverage,AlgebraicGoldbach.FactorCoverage.Coverage,def,Defines Coverage in the declared module context; exact source is authoritative.,NOT SEPARATELY REPRINTED,Compiled Lean definition/type,e5c4e119473e0023b0f500e322b5ed1ac4013e00,paper/algebraic_sources/AlgebraicGoldbach/FactorCoverage.lean,7b323883260e30a4df7bece2a2fe23aab7c88a6d537b1f25cec02cbb6eb9a85a,17,def Coverage (N M : ℕ) (x : Fin (N + 1) → ℚ) : Prop,False,ALG-LEAN-AlgebraicGoldbach.FactorCoverage.Coverage
AlgebraicGoldbach.FactorCoverage,AlgebraicGoldbach.FactorCoverage.PrimePins,def,Defines Prime Pins in the declared module context; exact source is authoritative.,NOT SEPARATELY REPRINTED,Compiled Lean definition/type,e5c4e119473e0023b0f500e322b5ed1ac4013e00,paper/algebraic_sources/AlgebraicGoldbach/FactorCoverage.lean,7b323883260e30a4df7bece2a2fe23aab7c88a6d537b1f25cec02cbb6eb9a85a,20,def PrimePins (N M : ℕ) (x : Fin (N + 1) → ℚ) : Prop,False,ALG-LEAN-AlgebraicGoldbach.FactorCoverage.PrimePins
AlgebraicGoldbach.FactorCoverage,AlgebraicGoldbach.FactorCoverage.minFac_le_horizon,theorem,For a composite below M<=N^2 its least factor is within the coordinate horizon.,Classical.choice;Quot.sound;propext,Compiled Lean,e5c4e119473e0023b0f500e322b5ed1ac4013e00,paper/algebraic_sources/AlgebraicGoldbach/FactorCoverage.lean,7b323883260e30a4df7bece2a2fe23aab7c88a6d537b1f25cec02cbb6eb9a85a,24,theorem minFac_le_horizon (N M m : ℕ) (hm : 1 < m) (hmc : ¬ Nat.Prime m) (hmM : m ≤ M) (hMN : M ≤ N ^ 2) : Nat.minFac m ≤ N,False,ALG-LEAN-AlgebraicGoldbach.FactorCoverage.minFac_le_horizon
AlgebraicGoldbach.FactorCoverage,AlgebraicGoldbach.FactorCoverage.primePoint_factorPolynomial,theorem,Under M<=N^2 the prime point zeros the specified composite's proper-divisor polynomial.,Classical.choice;Quot.sound;propext,Compiled Lean,e5c4e119473e0023b0f500e322b5ed1ac4013e00,paper/algebraic_sources/AlgebraicGoldbach/FactorCoverage.lean,7b323883260e30a4df7bece2a2fe23aab7c88a6d537b1f25cec02cbb6eb9a85a,29,theorem primePoint_factorPolynomial (N M m : ℕ) (hMN : M ≤ N ^ 2) (hm : 1 < m) (hmM : m ≤ M) (hmc : ¬ Nat.Prime m) : eval (primePoint N ℚ) (factorPolynomial N m) = 0,False,ALG-LEAN-AlgebraicGoldbach.FactorCoverage.primePoint_factorPolynomial
AlgebraicGoldbach.FactorCoverage,AlgebraicGoldbach.FactorCoverage.primePoint_coverage,theorem,Under M<=N^2 the prime point satisfies proper-divisor coverage.,Classical.choice;Quot.sound;propext,Compiled Lean,e5c4e119473e0023b0f500e322b5ed1ac4013e00,paper/algebraic_sources/AlgebraicGoldbach/FactorCoverage.lean,7b323883260e30a4df7bece2a2fe23aab7c88a6d537b1f25cec02cbb6eb9a85a,44,theorem primePoint_coverage (N M : ℕ) (hMN : M ≤ N ^ 2) : Coverage N M (primePoint N ℚ),False,ALG-LEAN-AlgebraicGoldbach.FactorCoverage.primePoint_coverage
AlgebraicGoldbach.FactorCoverage,AlgebraicGoldbach.FactorCoverage.properDivisors_prime_square,theorem,The proper-divisor set of a prime square consists of its prime root.,Classical.choice;Quot.sound;propext,Compiled Lean,e5c4e119473e0023b0f500e322b5ed1ac4013e00,paper/algebraic_sources/AlgebraicGoldbach/FactorCoverage.lean,7b323883260e30a4df7bece2a2fe23aab7c88a6d537b1f25cec02cbb6eb9a85a,49,"theorem properDivisors_prime_square (N p : ℕ) (hp : Nat.Prime p) (hpN : p ≤ N) : properDivisors N (p ^ 2) = {⟨p, by omega⟩}",False,ALG-LEAN-AlgebraicGoldbach.FactorCoverage.properDivisors_prime_square
AlgebraicGoldbach.FactorCoverage,AlgebraicGoldbach.FactorCoverage.coverage_implies_primePins,theorem,Coverage forces the declared small-prime coordinate pins.,Classical.choice;Quot.sound;propext,Compiled Lean,e5c4e119473e0023b0f500e322b5ed1ac4013e00,paper/algebraic_sources/AlgebraicGoldbach/FactorCoverage.lean,7b323883260e30a4df7bece2a2fe23aab7c88a6d537b1f25cec02cbb6eb9a85a,71,theorem coverage_implies_primePins (N M : ℕ) (x : Fin (N + 1) → ℚ) (hcov : Coverage N M x) : PrimePins N M x,False,ALG-LEAN-AlgebraicGoldbach.FactorCoverage.coverage_implies_primePins
AlgebraicGoldbach.FactorCoverage,AlgebraicGoldbach.FactorCoverage.primePins_implies_coverage,theorem,Under M<=N^2 the small-prime pins imply coverage.,Classical.choice;Quot.sound;propext,Compiled Lean,e5c4e119473e0023b0f500e322b5ed1ac4013e00,paper/algebraic_sources/AlgebraicGoldbach/FactorCoverage.lean,7b323883260e30a4df7bece2a2fe23aab7c88a6d537b1f25cec02cbb6eb9a85a,80,theorem primePins_implies_coverage (N M : ℕ) (hMN : M ≤ N ^ 2) (x : Fin (N + 1) → ℚ) (hpins : PrimePins N M x) : Coverage N M x,False,ALG-LEAN-AlgebraicGoldbach.FactorCoverage.primePins_implies_coverage
AlgebraicGoldbach.FactorCoverage,AlgebraicGoldbach.FactorCoverage.coverage_iff_primePins,theorem,Under M<=N^2 coverage is equivalent to prime pins for p^2<=M.,Classical.choice;Quot.sound;propext,Compiled Lean,e5c4e119473e0023b0f500e322b5ed1ac4013e00,paper/algebraic_sources/AlgebraicGoldbach/FactorCoverage.lean,7b323883260e30a4df7bece2a2fe23aab7c88a6d537b1f25cec02cbb6eb9a85a,97,theorem coverage_iff_primePins (N M : ℕ) (hMN : M ≤ N ^ 2) (x : Fin (N + 1) → ℚ) : Coverage N M x ↔ PrimePins N M x,False,ALG-LEAN-AlgebraicGoldbach.FactorCoverage.coverage_iff_primePins
AlgebraicGoldbach.FactorCoverage,AlgebraicGoldbach.FactorCoverage.square_horizon_pins_prime_coordinates,theorem,Coverage through N^2 pins every prime coordinate to one.,Classical.choice;Quot.sound;propext,Compiled Lean,e5c4e119473e0023b0f500e322b5ed1ac4013e00,paper/algebraic_sources/AlgebraicGoldbach/FactorCoverage.lean,7b323883260e30a4df7bece2a2fe23aab7c88a6d537b1f25cec02cbb6eb9a85a,101,theorem square_horizon_pins_prime_coordinates (N : ℕ) (x : Fin (N + 1) → ℚ) (hcov : Coverage N (N ^ 2) x) (i : Fin (N + 1)) (hi : Nat.Prime i.val) : x i = 1,False,ALG-LEAN-AlgebraicGoldbach.FactorCoverage.square_horizon_pins_prime_coordinates
AlgebraicGoldbach.FactorCoverage,AlgebraicGoldbach.FactorCoverage.square_horizon_and_sieve_pin_vector,theorem,Coverage through N^2 plus SIEVE pins the entire prime vector.,Classical.choice;Quot.sound;propext,Compiled Lean,e5c4e119473e0023b0f500e322b5ed1ac4013e00,paper/algebraic_sources/AlgebraicGoldbach/FactorCoverage.lean,7b323883260e30a4df7bece2a2fe23aab7c88a6d537b1f25cec02cbb6eb9a85a,108,"theorem square_horizon_and_sieve_pin_vector (N : ℕ) (x : Fin (N + 1) → ℚ) (hcov : Coverage N (N ^ 2) x) (hsieve : ∀ i, ¬ Nat.Prime i.val → x i = 0) : x = primePoint N ℚ",False,ALG-LEAN-AlgebraicGoldbach.FactorCoverage.square_horizon_and_sieve_pin_vector
AlgebraicGoldbach.FactorCoverage,AlgebraicGoldbach.FactorCoverage.modelPoint_small_prime,theorem,The model selects primes within the explicit smaller horizon.,Classical.choice;Quot.sound;propext,Compiled Lean,e5c4e119473e0023b0f500e322b5ed1ac4013e00,paper/algebraic_sources/AlgebraicGoldbach/FactorCoverage.lean,7b323883260e30a4df7bece2a2fe23aab7c88a6d537b1f25cec02cbb6eb9a85a,116,"theorem modelPoint_small_prime (N p : ℕ) (hp : Nat.Prime p) (hpN : p ≤ N) (hpH : p ≤ N / 2 - 3) : modelPoint N ⟨p, by omega⟩ = 1",False,ALG-LEAN-AlgebraicGoldbach.FactorCoverage.modelPoint_small_prime
AlgebraicGoldbach.FactorCoverage,AlgebraicGoldbach.FactorCoverage.modelPoint_coverage,theorem,The model satisfies coverage when M<=(floor(N/2)-3)^2.,Classical.choice;Quot.sound;propext,Compiled Lean,e5c4e119473e0023b0f500e322b5ed1ac4013e00,paper/algebraic_sources/AlgebraicGoldbach/FactorCoverage.lean,7b323883260e30a4df7bece2a2fe23aab7c88a6d537b1f25cec02cbb6eb9a85a,126,theorem modelPoint_coverage (N M : ℕ) (hM : M ≤ (N / 2 - 3) ^ 2) : Coverage N M (modelPoint N),False,ALG-LEAN-AlgebraicGoldbach.FactorCoverage.modelPoint_coverage
AlgebraicGoldbach.FactorCoverage,AlgebraicGoldbach.FactorCoverage.FactorIndex,abbrev,Defines Factor Index in the declared module context; exact source is authoritative.,NOT SEPARATELY REPRINTED,Compiled Lean definition/type,e5c4e119473e0023b0f500e322b5ed1ac4013e00,paper/algebraic_sources/AlgebraicGoldbach/FactorCoverage.lean,7b323883260e30a4df7bece2a2fe23aab7c88a6d537b1f25cec02cbb6eb9a85a,135,abbrev FactorIndex (M : ℕ),False,ALG-LEAN-AlgebraicGoldbach.FactorCoverage.FactorIndex
AlgebraicGoldbach.FactorCoverage,AlgebraicGoldbach.FactorCoverage.HorizonFamilyIndex,abbrev,Defines Horizon Family Index in the declared module context; exact source is authoritative.,NOT SEPARATELY REPRINTED,Compiled Lean definition/type,e5c4e119473e0023b0f500e322b5ed1ac4013e00,paper/algebraic_sources/AlgebraicGoldbach/FactorCoverage.lean,7b323883260e30a4df7bece2a2fe23aab7c88a6d537b1f25cec02cbb6eb9a85a,137,abbrev HorizonFamilyIndex (N M : ℕ),False,ALG-LEAN-AlgebraicGoldbach.FactorCoverage.HorizonFamilyIndex
AlgebraicGoldbach.FactorCoverage,AlgebraicGoldbach.FactorCoverage.horizonFamily,def,Defines horizon Family in the declared module context; exact source is authoritative.,NOT SEPARATELY REPRINTED,Compiled Lean definition/type,e5c4e119473e0023b0f500e322b5ed1ac4013e00,paper/algebraic_sources/AlgebraicGoldbach/FactorCoverage.lean,7b323883260e30a4df7bece2a2fe23aab7c88a6d537b1f25cec02cbb6eb9a85a,139,def horizonFamily (N M : ℕ) : HorizonFamilyIndex N M → R N ℚ,False,ALG-LEAN-AlgebraicGoldbach.FactorCoverage.horizonFamily
AlgebraicGoldbach.FactorCoverage,AlgebraicGoldbach.FactorCoverage.primePoint_horizonFamily,theorem,Under M<=N^2 the prime point satisfies the combined horizon family.,Classical.choice;Quot.sound;propext,Compiled Lean,e5c4e119473e0023b0f500e322b5ed1ac4013e00,paper/algebraic_sources/AlgebraicGoldbach/FactorCoverage.lean,7b323883260e30a4df7bece2a2fe23aab7c88a6d537b1f25cec02cbb6eb9a85a,143,theorem primePoint_horizonFamily (N M : ℕ) (hMN : M ≤ N ^ 2) (j : HorizonFamilyIndex N M) : eval (primePoint N ℚ) (horizonFamily N M j) = 0,False,ALG-LEAN-AlgebraicGoldbach.FactorCoverage.primePoint_horizonFamily
AlgebraicGoldbach.FactorCoverage,AlgebraicGoldbach.FactorCoverage.modelPoint_horizonFamily,theorem,Under N>=24 and the smaller-horizon bound the model satisfies the combined family.,Classical.choice;Quot.sound;propext,Compiled Lean,e5c4e119473e0023b0f500e322b5ed1ac4013e00,paper/algebraic_sources/AlgebraicGoldbach/FactorCoverage.lean,7b323883260e30a4df7bece2a2fe23aab7c88a6d537b1f25cec02cbb6eb9a85a,149,theorem modelPoint_horizonFamily (N M : ℕ) (hN : 24 ≤ N) (hM : M ≤ (N / 2 - 3) ^ 2) (j : HorizonFamilyIndex N M) : eval (modelPoint N) (horizonFamily N M j) = 0,False,ALG-LEAN-AlgebraicGoldbach.FactorCoverage.modelPoint_horizonFamily
AlgebraicGoldbach.FactorCoverage,AlgebraicGoldbach.FactorCoverage.horizonFamily_common_zero,theorem,The smaller-horizon hypotheses supply an actual family/Boolean/g common zero.,Classical.choice;Quot.sound;propext,Compiled Lean,e5c4e119473e0023b0f500e322b5ed1ac4013e00,paper/algebraic_sources/AlgebraicGoldbach/FactorCoverage.lean,7b323883260e30a4df7bece2a2fe23aab7c88a6d537b1f25cec02cbb6eb9a85a,156,"theorem horizonFamily_common_zero (N M : ℕ) (hN : 24 ≤ N) (hM : M ≤ (N / 2 - 3) ^ 2) : (∀ j, eval (modelPoint N) (horizonFamily N M j) = 0) ∧ (∀ i, eval (modelPoint N) (booleanConstraint i) = 0) ∧ eval (modelPoint N) (g N ℚ) = 0",False,ALG-LEAN-AlgebraicGoldbach.FactorCoverage.horizonFamily_common_zero
AlgebraicGoldbach.FactorCoverage,AlgebraicGoldbach.FactorCoverage.horizonFamily_no_certificate,theorem,The explicit smaller-horizon hypotheses exclude a certificate for this combined family.,Classical.choice;Quot.sound;propext,Compiled Lean,e5c4e119473e0023b0f500e322b5ed1ac4013e00,paper/algebraic_sources/AlgebraicGoldbach/FactorCoverage.lean,7b323883260e30a4df7bece2a2fe23aab7c88a6d537b1f25cec02cbb6eb9a85a,163,theorem horizonFamily_no_certificate (N M : ℕ) (hN : 24 ≤ N) (hM : M ≤ (N / 2 - 3) ^ 2) (A : HorizonFamilyIndex N M → R N ℚ) (U : Fin (N + 1) → R N ℚ) (B : R N ℚ) : ¬ Certificate (horizonFamily N M) A U B,False,ALG-LEAN-AlgebraicGoldbach.FactorCoverage.horizonFamily_no_certificate
AlgebraicGoldbach.FactorCoverage,AlgebraicGoldbach.FactorCoverage.horizonFamily_has_second_boolean_solution,theorem,Under the explicit horizon hypotheses a distinct second Boolean family point exists.,Classical.choice;Quot.sound;propext,Compiled Lean,e5c4e119473e0023b0f500e322b5ed1ac4013e00,paper/algebraic_sources/AlgebraicGoldbach/FactorCoverage.lean,7b323883260e30a4df7bece2a2fe23aab7c88a6d537b1f25cec02cbb6eb9a85a,170,"theorem horizonFamily_has_second_boolean_solution (N M : ℕ) (hN : 24 ≤ N) (hM : M ≤ (N / 2 - 3) ^ 2) : (∀ j, eval (primePoint N ℚ) (horizonFamily N M j) = 0) ∧ (∀ i, eval (primePoint N ℚ) (booleanConstraint i) = 0) ∧ (∀ j, eval (modelPoint N) (horizonFamily N M j) = 0) ∧ (∀ i, eval (modelPoint N) (booleanConstraint i) = 0) ∧ modelPoint N ≠ primePoint N ℚ",False,ALG-LEAN-AlgebraicGoldbach.FactorCoverage.horizonFamily_has_second_boolean_solution
AlgebraicGoldbach.LiteralCube,AlgebraicGoldbach.LiteralCube.Literal,inductive,Defines Literal in the declared module context; exact source is authoritative.,NOT SEPARATELY REPRINTED,Compiled Lean definition/type,e5c4e119473e0023b0f500e322b5ed1ac4013e00,paper/algebraic_sources/AlgebraicGoldbach/LiteralCube.lean,162538cf6baca5a76feb5e7fa859c28b83179db1838d49e44a6aaf3cb6671b5d,21,inductive Literal (N : ℕ),False,ALG-LEAN-AlgebraicGoldbach.LiteralCube.Literal
AlgebraicGoldbach.LiteralCube,AlgebraicGoldbach.LiteralCube.Literal.polynomial,def,Defines Literal.polynomial in the declared module context; exact source is authoritative.,NOT SEPARATELY REPRINTED,Compiled Lean definition/type,e5c4e119473e0023b0f500e322b5ed1ac4013e00,paper/algebraic_sources/AlgebraicGoldbach/LiteralCube.lean,162538cf6baca5a76feb5e7fa859c28b83179db1838d49e44a6aaf3cb6671b5d,26,def Literal.polynomial {N : ℕ} : Literal N → R N ℚ,False,ALG-LEAN-AlgebraicGoldbach.LiteralCube.Literal.polynomial
AlgebraicGoldbach.LiteralCube,AlgebraicGoldbach.LiteralCube.Clause,structure,Defines Clause in the declared module context; exact source is authoritative.,NOT SEPARATELY REPRINTED,Compiled Lean definition/type,e5c4e119473e0023b0f500e322b5ed1ac4013e00,paper/algebraic_sources/AlgebraicGoldbach/LiteralCube.lean,162538cf6baca5a76feb5e7fa859c28b83179db1838d49e44a6aaf3cb6671b5d,30,structure Clause (N : ℕ),False,ALG-LEAN-AlgebraicGoldbach.LiteralCube.Clause
AlgebraicGoldbach.LiteralCube,AlgebraicGoldbach.LiteralCube.Clause.polynomial,def,Defines Clause.polynomial in the declared module context; exact source is authoritative.,NOT SEPARATELY REPRINTED,Compiled Lean definition/type,e5c4e119473e0023b0f500e322b5ed1ac4013e00,paper/algebraic_sources/AlgebraicGoldbach/LiteralCube.lean,162538cf6baca5a76feb5e7fa859c28b83179db1838d49e44a6aaf3cb6671b5d,34,def Clause.polynomial {N : ℕ} (C : Clause N) : R N ℚ,False,ALG-LEAN-AlgebraicGoldbach.LiteralCube.Clause.polynomial
AlgebraicGoldbach.LiteralCube,AlgebraicGoldbach.LiteralCube.family,def,Defines family in the declared module context; exact source is authoritative.,NOT SEPARATELY REPRINTED,Compiled Lean definition/type,e5c4e119473e0023b0f500e322b5ed1ac4013e00,paper/algebraic_sources/AlgebraicGoldbach/LiteralCube.lean,162538cf6baca5a76feb5e7fa859c28b83179db1838d49e44a6aaf3cb6671b5d,37,def family {N : ℕ} {ι : Type*} (C : ι → Clause N) (j : ι) : R N ℚ,False,ALG-LEAN-AlgebraicGoldbach.LiteralCube.family
AlgebraicGoldbach.LiteralCube,AlgebraicGoldbach.LiteralCube.lowerPair,def,Defines lower Pair in the declared module context; exact source is authoritative.,NOT SEPARATELY REPRINTED,Compiled Lean definition/type,e5c4e119473e0023b0f500e322b5ed1ac4013e00,paper/algebraic_sources/AlgebraicGoldbach/LiteralCube.lean,162538cf6baca5a76feb5e7fa859c28b83179db1838d49e44a6aaf3cb6671b5d,40,def lowerPair (N : ℕ) (i : Fin (N + 1)) : Prop,False,ALG-LEAN-AlgebraicGoldbach.LiteralCube.lowerPair
AlgebraicGoldbach.LiteralCube,AlgebraicGoldbach.LiteralCube.freeIndex,def,Defines free Index in the declared module context; exact source is authoritative.,NOT SEPARATELY REPRINTED,Compiled Lean definition/type,e5c4e119473e0023b0f500e322b5ed1ac4013e00,paper/algebraic_sources/AlgebraicGoldbach/LiteralCube.lean,162538cf6baca5a76feb5e7fa859c28b83179db1838d49e44a6aaf3cb6671b5d,46,def freeIndex (N : ℕ) (i : Fin (N + 1)) : Prop,False,ALG-LEAN-AlgebraicGoldbach.LiteralCube.freeIndex
AlgebraicGoldbach.LiteralCube,AlgebraicGoldbach.LiteralCube.CubeVar,abbrev,Defines Cube Var in the declared module context; exact source is authoritative.,NOT SEPARATELY REPRINTED,Compiled Lean definition/type,e5c4e119473e0023b0f500e322b5ed1ac4013e00,paper/algebraic_sources/AlgebraicGoldbach/LiteralCube.lean,162538cf6baca5a76feb5e7fa859c28b83179db1838d49e44a6aaf3cb6671b5d,52,abbrev CubeVar (N : ℕ),False,ALG-LEAN-AlgebraicGoldbach.LiteralCube.CubeVar
AlgebraicGoldbach.LiteralCube,AlgebraicGoldbach.LiteralCube.dimension,def,Defines dimension in the declared module context; exact source is authoritative.,NOT SEPARATELY REPRINTED,Compiled Lean definition/type,e5c4e119473e0023b0f500e322b5ed1ac4013e00,paper/algebraic_sources/AlgebraicGoldbach/LiteralCube.lean,162538cf6baca5a76feb5e7fa859c28b83179db1838d49e44a6aaf3cb6671b5d,54,def dimension (N : ℕ) : ℕ,False,ALG-LEAN-AlgebraicGoldbach.LiteralCube.dimension
AlgebraicGoldbach.LiteralCube,AlgebraicGoldbach.LiteralCube.Factor,inductive,Defines Factor in the declared module context; exact source is authoritative.,NOT SEPARATELY REPRINTED,Compiled Lean definition/type,e5c4e119473e0023b0f500e322b5ed1ac4013e00,paper/algebraic_sources/AlgebraicGoldbach/LiteralCube.lean,162538cf6baca5a76feb5e7fa859c28b83179db1838d49e44a6aaf3cb6671b5d,56,inductive Factor (σ : Type*),False,ALG-LEAN-AlgebraicGoldbach.LiteralCube.Factor
AlgebraicGoldbach.LiteralCube,AlgebraicGoldbach.LiteralCube.Factor.negate,def,Defines Factor.negate in the declared module context; exact source is authoritative.,NOT SEPARATELY REPRINTED,Compiled Lean definition/type,e5c4e119473e0023b0f500e322b5ed1ac4013e00,paper/algebraic_sources/AlgebraicGoldbach/LiteralCube.lean,162538cf6baca5a76feb5e7fa859c28b83179db1838d49e44a6aaf3cb6671b5d,63,def Factor.negate {σ : Type*} : Factor σ → Factor σ,False,ALG-LEAN-AlgebraicGoldbach.LiteralCube.Factor.negate
AlgebraicGoldbach.LiteralCube,AlgebraicGoldbach.LiteralCube.boolValue,def,Defines bool Value in the declared module context; exact source is authoritative.,NOT SEPARATELY REPRINTED,Compiled Lean definition/type,e5c4e119473e0023b0f500e322b5ed1ac4013e00,paper/algebraic_sources/AlgebraicGoldbach/LiteralCube.lean,162538cf6baca5a76feb5e7fa859c28b83179db1838d49e44a6aaf3cb6671b5d,69,def boolValue (b : Bool) : ℚ,False,ALG-LEAN-AlgebraicGoldbach.LiteralCube.boolValue
AlgebraicGoldbach.LiteralCube,AlgebraicGoldbach.LiteralCube.Factor.value,def,Defines Factor.value in the declared module context; exact source is authoritative.,NOT SEPARATELY REPRINTED,Compiled Lean definition/type,e5c4e119473e0023b0f500e322b5ed1ac4013e00,paper/algebraic_sources/AlgebraicGoldbach/LiteralCube.lean,162538cf6baca5a76feb5e7fa859c28b83179db1838d49e44a6aaf3cb6671b5d,71,def Factor.value {σ : Type*} (b : σ → Bool) : Factor σ → ℚ,False,ALG-LEAN-AlgebraicGoldbach.LiteralCube.Factor.value
AlgebraicGoldbach.LiteralCube,AlgebraicGoldbach.LiteralCube.coordinateFactor,def,Defines coordinate Factor in the declared module context; exact source is authoritative.,NOT SEPARATELY REPRINTED,Compiled Lean definition/type,e5c4e119473e0023b0f500e322b5ed1ac4013e00,paper/algebraic_sources/AlgebraicGoldbach/LiteralCube.lean,162538cf6baca5a76feb5e7fa859c28b83179db1838d49e44a6aaf3cb6671b5d,77,def coordinateFactor (N : ℕ) (i : Fin (N + 1)) : Factor (CubeVar N),False,ALG-LEAN-AlgebraicGoldbach.LiteralCube.coordinateFactor
AlgebraicGoldbach.LiteralCube,AlgebraicGoldbach.LiteralCube.cubePoint,def,Defines cube Point in the declared module context; exact source is authoritative.,NOT SEPARATELY REPRINTED,Compiled Lean definition/type,e5c4e119473e0023b0f500e322b5ed1ac4013e00,paper/algebraic_sources/AlgebraicGoldbach/LiteralCube.lean,162538cf6baca5a76feb5e7fa859c28b83179db1838d49e44a6aaf3cb6671b5d,82,def cubePoint (N : ℕ) (b : CubeVar N → Bool) : Fin (N + 1) → ℚ,False,ALG-LEAN-AlgebraicGoldbach.LiteralCube.cubePoint
AlgebraicGoldbach.LiteralCube,AlgebraicGoldbach.LiteralCube.effectiveLiteral,def,Defines effective Literal in the declared module context; exact source is authoritative.,NOT SEPARATELY REPRINTED,Compiled Lean definition/type,e5c4e119473e0023b0f500e322b5ed1ac4013e00,paper/algebraic_sources/AlgebraicGoldbach/LiteralCube.lean,162538cf6baca5a76feb5e7fa859c28b83179db1838d49e44a6aaf3cb6671b5d,85,def effectiveLiteral {N : ℕ} : Literal N → Factor (CubeVar N),False,ALG-LEAN-AlgebraicGoldbach.LiteralCube.effectiveLiteral
AlgebraicGoldbach.LiteralCube,AlgebraicGoldbach.LiteralCube.effectiveFactors,def,Defines effective Factors in the declared module context; exact source is authoritative.,NOT SEPARATELY REPRINTED,Compiled Lean definition/type,e5c4e119473e0023b0f500e322b5ed1ac4013e00,paper/algebraic_sources/AlgebraicGoldbach/LiteralCube.lean,162538cf6baca5a76feb5e7fa859c28b83179db1838d49e44a6aaf3cb6671b5d,89,def effectiveFactors {N : ℕ} (C : Clause N) : List (Factor (CubeVar N)),False,ALG-LEAN-AlgebraicGoldbach.LiteralCube.effectiveFactors
AlgebraicGoldbach.LiteralCube,AlgebraicGoldbach.LiteralCube.automatic,def,Defines automatic in the declared module context; exact source is authoritative.,NOT SEPARATELY REPRINTED,Compiled Lean definition/type,e5c4e119473e0023b0f500e322b5ed1ac4013e00,paper/algebraic_sources/AlgebraicGoldbach/LiteralCube.lean,162538cf6baca5a76feb5e7fa859c28b83179db1838d49e44a6aaf3cb6671b5d,92,def automatic {N : ℕ} (C : Clause N) : Prop,False,ALG-LEAN-AlgebraicGoldbach.LiteralCube.automatic
AlgebraicGoldbach.LiteralCube,AlgebraicGoldbach.LiteralCube.effectiveSupport,def,Defines effective Support in the declared module context; exact source is authoritative.,NOT SEPARATELY REPRINTED,Compiled Lean definition/type,e5c4e119473e0023b0f500e322b5ed1ac4013e00,paper/algebraic_sources/AlgebraicGoldbach/LiteralCube.lean,162538cf6baca5a76feb5e7fa859c28b83179db1838d49e44a6aaf3cb6671b5d,97,def effectiveSupport {N : ℕ} (C : Clause N) : Finset (CubeVar N),False,ALG-LEAN-AlgebraicGoldbach.LiteralCube.effectiveSupport
AlgebraicGoldbach.LiteralCube,AlgebraicGoldbach.LiteralCube.width,def,Defines width in the declared module context; exact source is authoritative.,NOT SEPARATELY REPRINTED,Compiled Lean definition/type,e5c4e119473e0023b0f500e322b5ed1ac4013e00,paper/algebraic_sources/AlgebraicGoldbach/LiteralCube.lean,162538cf6baca5a76feb5e7fa859c28b83179db1838d49e44a6aaf3cb6671b5d,101,def width {N : ℕ} (C : Clause N) : ℕ,False,ALG-LEAN-AlgebraicGoldbach.LiteralCube.width
AlgebraicGoldbach.LiteralCube,AlgebraicGoldbach.LiteralCube.weight,def,Defines weight in the declared module context; exact source is authoritative.,NOT SEPARATELY REPRINTED,Compiled Lean definition/type,e5c4e119473e0023b0f500e322b5ed1ac4013e00,paper/algebraic_sources/AlgebraicGoldbach/LiteralCube.lean,162538cf6baca5a76feb5e7fa859c28b83179db1838d49e44a6aaf3cb6671b5d,103,def weight {N : ℕ} (C : Clause N) : ℕ,False,ALG-LEAN-AlgebraicGoldbach.LiteralCube.weight
AlgebraicGoldbach.LiteralCube,AlgebraicGoldbach.LiteralCube.Factor.value_boolean,theorem,Each effective cube factor has Boolean rational value.,Classical.choice;Quot.sound;propext,Compiled Lean,e5c4e119473e0023b0f500e322b5ed1ac4013e00,paper/algebraic_sources/AlgebraicGoldbach/LiteralCube.lean,162538cf6baca5a76feb5e7fa859c28b83179db1838d49e44a6aaf3cb6671b5d,109,theorem value_boolean {σ : Type*} (b : σ → Bool) (f : Factor σ) : (f.value b) ^ 2 - f.value b = 0,False,ALG-LEAN-AlgebraicGoldbach.LiteralCube.Factor.value_boolean
AlgebraicGoldbach.LiteralCube,AlgebraicGoldbach.LiteralCube.Factor.value_negate,theorem,Factor negation evaluates to one minus the original factor value.,Classical.choice;Quot.sound;propext,Compiled Lean,e5c4e119473e0023b0f500e322b5ed1ac4013e00,paper/algebraic_sources/AlgebraicGoldbach/LiteralCube.lean,162538cf6baca5a76feb5e7fa859c28b83179db1838d49e44a6aaf3cb6671b5d,117,theorem value_negate {σ : Type*} (b : σ → Bool) (f : Factor σ) : f.negate.value b = 1 - f.value b,False,ALG-LEAN-AlgebraicGoldbach.LiteralCube.Factor.value_negate
AlgebraicGoldbach.LiteralCube,AlgebraicGoldbach.LiteralCube.cubePoint_boolean,theorem,Every actual arithmetic cube point satisfies Booleanity.,Classical.choice;Quot.sound;propext,Compiled Lean,e5c4e119473e0023b0f500e322b5ed1ac4013e00,paper/algebraic_sources/AlgebraicGoldbach/LiteralCube.lean,162538cf6baca5a76feb5e7fa859c28b83179db1838d49e44a6aaf3cb6671b5d,123,theorem cubePoint_boolean (N : ℕ) (b : CubeVar N → Bool) (i : Fin (N + 1)) : eval (cubePoint N b) (booleanConstraint i) = 0,False,ALG-LEAN-AlgebraicGoldbach.LiteralCube.cubePoint_boolean
AlgebraicGoldbach.LiteralCube,AlgebraicGoldbach.LiteralCube.cubePoint_coarse_zero,theorem,For even N>=6 every coarse-forbidden cube coordinate is zero.,Quot.sound;propext,Compiled Lean,e5c4e119473e0023b0f500e322b5ed1ac4013e00,paper/algebraic_sources/AlgebraicGoldbach/LiteralCube.lean,162538cf6baca5a76feb5e7fa859c28b83179db1838d49e44a6aaf3cb6671b5d,128,theorem cubePoint_coarse_zero (N : ℕ) (heven : Even N) (hN : 6 ≤ N) (b : CubeVar N → Bool) (i : Fin (N + 1)) (hi : coarseAllowed i) : cubePoint N b i = 0,False,ALG-LEAN-AlgebraicGoldbach.LiteralCube.cubePoint_coarse_zero
AlgebraicGoldbach.LiteralCube,AlgebraicGoldbach.LiteralCube.cubePoint_coarse,theorem,For even N>=6 every cube point satisfies the actual coarse equations.,Classical.choice;Quot.sound;propext,Compiled Lean,e5c4e119473e0023b0f500e322b5ed1ac4013e00,paper/algebraic_sources/AlgebraicGoldbach/LiteralCube.lean,162538cf6baca5a76feb5e7fa859c28b83179db1838d49e44a6aaf3cb6671b5d,142,theorem cubePoint_coarse (N : ℕ) (heven : Even N) (hN : 6 ≤ N) (b : CubeVar N → Bool) (i : Fin (N + 1)) : eval (cubePoint N b) (coarseConstraint i) = 0,False,ALG-LEAN-AlgebraicGoldbach.LiteralCube.cubePoint_coarse
AlgebraicGoldbach.LiteralCube,AlgebraicGoldbach.LiteralCube.cubePoint_complement_product,theorem,For even N>=6 each cube complementary-coordinate product is zero.,Classical.choice;Quot.sound;propext,Compiled Lean,e5c4e119473e0023b0f500e322b5ed1ac4013e00,paper/algebraic_sources/AlgebraicGoldbach/LiteralCube.lean,162538cf6baca5a76feb5e7fa859c28b83179db1838d49e44a6aaf3cb6671b5d,150,theorem cubePoint_complement_product (N : ℕ) (heven : Even N) (hN : 6 ≤ N) (b : CubeVar N → Bool) (i : Fin (N + 1)) : cubePoint N b i * cubePoint N b (complement N i) = 0,False,ALG-LEAN-AlgebraicGoldbach.LiteralCube.cubePoint_complement_product
AlgebraicGoldbach.LiteralCube,AlgebraicGoldbach.LiteralCube.cubePoint_g_zero,theorem,For even N>=6 every cube point zeros the original ordered g.,Classical.choice;Quot.sound;propext,Compiled Lean,e5c4e119473e0023b0f500e322b5ed1ac4013e00,paper/algebraic_sources/AlgebraicGoldbach/LiteralCube.lean,162538cf6baca5a76feb5e7fa859c28b83179db1838d49e44a6aaf3cb6671b5d,182,theorem cubePoint_g_zero (N : ℕ) (heven : Even N) (hN : 6 ≤ N) (b : CubeVar N → Bool) : eval (cubePoint N b) (g N ℚ) = 0,False,ALG-LEAN-AlgebraicGoldbach.LiteralCube.cubePoint_g_zero
AlgebraicGoldbach.LiteralCube,AlgebraicGoldbach.LiteralCube.literal_eval,theorem,An ordinary literal evaluates to its effective cube factor.,Classical.choice;Quot.sound;propext,Compiled Lean,e5c4e119473e0023b0f500e322b5ed1ac4013e00,paper/algebraic_sources/AlgebraicGoldbach/LiteralCube.lean,162538cf6baca5a76feb5e7fa859c28b83179db1838d49e44a6aaf3cb6671b5d,189,theorem literal_eval {N : ℕ} (b : CubeVar N → Bool) (l : Literal N) : eval (cubePoint N b) l.polynomial = (effectiveLiteral l).value b,False,ALG-LEAN-AlgebraicGoldbach.LiteralCube.literal_eval
AlgebraicGoldbach.LiteralCube,AlgebraicGoldbach.LiteralCube.clause_eval,theorem,An actual clause evaluates to its coefficient times its effective factors.,Classical.choice;Quot.sound;propext,Compiled Lean,e5c4e119473e0023b0f500e322b5ed1ac4013e00,paper/algebraic_sources/AlgebraicGoldbach/LiteralCube.lean,162538cf6baca5a76feb5e7fa859c28b83179db1838d49e44a6aaf3cb6671b5d,195,theorem clause_eval {N : ℕ} (b : CubeVar N → Bool) (C : Clause N) : eval (cubePoint N b) C.polynomial = C.coefficient * ((effectiveFactors C).map (Factor.value b)).prod,False,ALG-LEAN-AlgebraicGoldbach.LiteralCube.clause_eval
AlgebraicGoldbach.LiteralCube,AlgebraicGoldbach.LiteralCube.automatic_eval_zero,theorem,An automatic clause is zero everywhere on the cube.,Classical.choice;Quot.sound;propext,Compiled Lean,e5c4e119473e0023b0f500e322b5ed1ac4013e00,paper/algebraic_sources/AlgebraicGoldbach/LiteralCube.lean,162538cf6baca5a76feb5e7fa859c28b83179db1838d49e44a6aaf3cb6671b5d,205,theorem automatic_eval_zero {N : ℕ} (C : Clause N) (ha : automatic C) (b : CubeVar N → Bool) : eval (cubePoint N b) C.polynomial = 0,False,ALG-LEAN-AlgebraicGoldbach.LiteralCube.automatic_eval_zero
AlgebraicGoldbach.LiteralCube,AlgebraicGoldbach.LiteralCube.clause_nonzero_iff,theorem,A nonautomatic clause is nonzero exactly on its declared Boolean-coordinate requirements.,Classical.choice;Quot.sound;propext,Compiled Lean,e5c4e119473e0023b0f500e322b5ed1ac4013e00,paper/algebraic_sources/AlgebraicGoldbach/LiteralCube.lean,162538cf6baca5a76feb5e7fa859c28b83179db1838d49e44a6aaf3cb6671b5d,220,"theorem clause_nonzero_iff {N : ℕ} (C : Clause N) (ha : ¬ automatic C) (b : CubeVar N → Bool) : eval (cubePoint N b) C.polynomial ≠ 0 ↔ ∀ v : CubeVar N, (Factor.bit v ∈ effectiveFactors C → b v = true) ∧ (Factor.negBit v ∈ effectiveFactors C → b v = false)",False,ALG-LEAN-AlgebraicGoldbach.LiteralCube.clause_nonzero_iff
AlgebraicGoldbach.LiteralCube,AlgebraicGoldbach.LiteralCube.choices,def,Defines choices in the declared module context; exact source is authoritative.,NOT SEPARATELY REPRINTED,Compiled Lean definition/type,e5c4e119473e0023b0f500e322b5ed1ac4013e00,paper/algebraic_sources/AlgebraicGoldbach/LiteralCube.lean,162538cf6baca5a76feb5e7fa859c28b83179db1838d49e44a6aaf3cb6671b5d,249,def choices {N : ℕ} (C : Clause N) (v : CubeVar N) : Finset Bool,False,ALG-LEAN-AlgebraicGoldbach.LiteralCube.choices
AlgebraicGoldbach.LiteralCube,AlgebraicGoldbach.LiteralCube.badSet,def,Defines bad Set in the declared module context; exact source is authoritative.,NOT SEPARATELY REPRINTED,Compiled Lean definition/type,e5c4e119473e0023b0f500e322b5ed1ac4013e00,paper/algebraic_sources/AlgebraicGoldbach/LiteralCube.lean,162538cf6baca5a76feb5e7fa859c28b83179db1838d49e44a6aaf3cb6671b5d,254,def badSet {N : ℕ} (C : Clause N) : Finset (CubeVar N → Bool),False,ALG-LEAN-AlgebraicGoldbach.LiteralCube.badSet
AlgebraicGoldbach.LiteralCube,AlgebraicGoldbach.LiteralCube.choices_mem_iff,theorem,The clause's allowed Boolean coordinate values have the stated literal characterization.,Quot.sound;propext,Compiled Lean,e5c4e119473e0023b0f500e322b5ed1ac4013e00,paper/algebraic_sources/AlgebraicGoldbach/LiteralCube.lean,162538cf6baca5a76feb5e7fa859c28b83179db1838d49e44a6aaf3cb6671b5d,258,theorem choices_mem_iff {N : ℕ} (C : Clause N) (ha : ¬ automatic C) (v : CubeVar N) (q : Bool) : q ∈ choices C v ↔ (Factor.bit v ∈ effectiveFactors C → q = true) ∧ (Factor.negBit v ∈ effectiveFactors C → q = false),False,ALG-LEAN-AlgebraicGoldbach.LiteralCube.choices_mem_iff
AlgebraicGoldbach.LiteralCube,AlgebraicGoldbach.LiteralCube.badSet_eq_piFinset,theorem,A nonautomatic clause's bad set is the product of its coordinate choices.,Classical.choice;Quot.sound;propext,Compiled Lean,e5c4e119473e0023b0f500e322b5ed1ac4013e00,paper/algebraic_sources/AlgebraicGoldbach/LiteralCube.lean,162538cf6baca5a76feb5e7fa859c28b83179db1838d49e44a6aaf3cb6671b5d,271,theorem badSet_eq_piFinset {N : ℕ} (C : Clause N) (ha : ¬ automatic C) : badSet C = Fintype.piFinset (choices C),False,ALG-LEAN-AlgebraicGoldbach.LiteralCube.badSet_eq_piFinset
AlgebraicGoldbach.LiteralCube,AlgebraicGoldbach.LiteralCube.choices_card,theorem,Each coordinate has one allowed choice on effective support and two off it.,Classical.choice;Quot.sound;propext,Compiled Lean,e5c4e119473e0023b0f500e322b5ed1ac4013e00,paper/algebraic_sources/AlgebraicGoldbach/LiteralCube.lean,162538cf6baca5a76feb5e7fa859c28b83179db1838d49e44a6aaf3cb6671b5d,283,theorem choices_card {N : ℕ} (C : Clause N) (v : CubeVar N) : (choices C v).card = if v ∈ effectiveSupport C then 1 else 2,False,ALG-LEAN-AlgebraicGoldbach.LiteralCube.choices_card
AlgebraicGoldbach.LiteralCube,AlgebraicGoldbach.LiteralCube.badSet_card,theorem,The exact clause bad-set size equals its declared weight.,Classical.choice;Quot.sound;propext,Compiled Lean,e5c4e119473e0023b0f500e322b5ed1ac4013e00,paper/algebraic_sources/AlgebraicGoldbach/LiteralCube.lean,162538cf6baca5a76feb5e7fa859c28b83179db1838d49e44a6aaf3cb6671b5d,290,theorem badSet_card {N : ℕ} (C : Clause N) : (badSet C).card = weight C,False,ALG-LEAN-AlgebraicGoldbach.LiteralCube.badSet_card
AlgebraicGoldbach.LiteralCube,AlgebraicGoldbach.LiteralCube.cube_card,theorem,The actual Boolean cube has cardinality two to its declared finite dimension.,Classical.choice;Quot.sound;propext,Compiled Lean,e5c4e119473e0023b0f500e322b5ed1ac4013e00,paper/algebraic_sources/AlgebraicGoldbach/LiteralCube.lean,162538cf6baca5a76feb5e7fa859c28b83179db1838d49e44a6aaf3cb6671b5d,313,theorem cube_card (N : ℕ) : Fintype.card (CubeVar N → Bool) = 2 ^ dimension N,False,ALG-LEAN-AlgebraicGoldbach.LiteralCube.cube_card
AlgebraicGoldbach.LiteralCube,AlgebraicGoldbach.LiteralCube.weighted_common_zero,theorem,For even N>=6 strict total clause weight below cube size leaves a full family/Boolean/coarse/g common zero.,Classical.choice;Quot.sound;propext,Compiled Lean,e5c4e119473e0023b0f500e322b5ed1ac4013e00,paper/algebraic_sources/AlgebraicGoldbach/LiteralCube.lean,162538cf6baca5a76feb5e7fa859c28b83179db1838d49e44a6aaf3cb6671b5d,318,"theorem weighted_common_zero (N : ℕ) (heven : Even N) (hN : 6 ≤ N) {ι : Type*} [Fintype ι] (C : ι → Clause N) (hcover : (∑ j : ι, weight (C j)) < 2 ^ dimension N) : ∃ b : CubeVar N → Bool, (∀ j : ι, eval (cubePoint N b) (family C j) = 0) ∧ (∀ i : Fin (N + 1), eval (cubePoint N b) (booleanConstraint i) = 0) ∧ (∀ i : Fin (N + 1), eval (cubePoint N b) (coarseConstraint i) = 0) ∧ eval (cubePoint N b) (g N ℚ) = 0",False,ALG-LEAN-AlgebraicGoldbach.LiteralCube.weighted_common_zero
AlgebraicGoldbach.LowerBound.BooleanAnnihilation,AlgebraicGoldbach.BooleanCoefficients.coefficients_boolean_mul,theorem,"An ordinary Boolean-generator multiple has zero support-coefficient image, including infinite variable types.",Classical.choice;Quot.sound;propext,Compiled Lean,e5c4e119473e0023b0f500e322b5ed1ac4013e00,paper/algebraic_sources/AlgebraicGoldbach/LowerBound/BooleanAnnihilation.lean,1798f2383c6b87980e94aff4b4fde9798073431913a35e87b130b348e7fef1b7,9,theorem coefficients_boolean_mul {σ : Type*} [DecidableEq σ] (i : σ) (p : MvPolynomial σ ℚ) : coefficients (((MvPolynomial.X i : MvPolynomial σ ℚ) ^ 2 - MvPolynomial.X i) * p) = 0,False,ALG-LEAN-AlgebraicGoldbach.BooleanCoefficients.coefficients_boolean_mul
AlgebraicGoldbach.LowerBound.BooleanCoefficientDegree,AlgebraicGoldbach.BooleanCoefficients.support_card_le_exponent_sum,theorem,Finite exponent-support cardinality is at most the total exponent sum.,Classical.choice;Quot.sound;propext,Compiled Lean,e5c4e119473e0023b0f500e322b5ed1ac4013e00,paper/algebraic_sources/AlgebraicGoldbach/LowerBound/BooleanCoefficientDegree.lean,4010f0ebf76e1a02c6f0a000935b6c2e1a095fee52a301174825f9c3609345f7,9,theorem support_card_le_exponent_sum {σ : Type*} [DecidableEq σ] (e : σ →₀ ℕ) : e.support.card ≤ e.sum (fun _ exponent => exponent),False,ALG-LEAN-AlgebraicGoldbach.BooleanCoefficients.support_card_le_exponent_sum
AlgebraicGoldbach.LowerBound.BooleanCoefficientDegree,AlgebraicGoldbach.BooleanCoefficients.coefficients_eq_zero_of_totalDegree_lt_card,theorem,Aggregated coefficients vanish when support size exceeds ordinary polynomial degree.,Classical.choice;Quot.sound;propext,Compiled Lean,e5c4e119473e0023b0f500e322b5ed1ac4013e00,paper/algebraic_sources/AlgebraicGoldbach/LowerBound/BooleanCoefficientDegree.lean,4010f0ebf76e1a02c6f0a000935b6c2e1a095fee52a301174825f9c3609345f7,18,theorem coefficients_eq_zero_of_totalDegree_lt_card {σ : Type*} [DecidableEq σ] (p : MvPolynomial σ ℚ) (s : Finset σ) (h : p.totalDegree < s.card) : coefficients p s = 0,False,ALG-LEAN-AlgebraicGoldbach.BooleanCoefficients.coefficients_eq_zero_of_totalDegree_lt_card
AlgebraicGoldbach.LowerBound.BooleanCoefficients,AlgebraicGoldbach.BooleanCoefficients.coefficientAtom,def,The finite-support atom associated to an ordinary exponent vector.,Classical.choice;Quot.sound;propext,Compiled Lean definition/type,e5c4e119473e0023b0f500e322b5ed1ac4013e00,paper/algebraic_sources/AlgebraicGoldbach/LowerBound/BooleanCoefficients.lean,75eef96c3063d40b761d24212535c9d4445bc318ddb31d759a8dc98f4905fe06,12,def coefficientAtom (e : σ →₀ ℕ) (s : Finset σ) : ℚ,False,ALG-LEAN-AlgebraicGoldbach.BooleanCoefficients.coefficientAtom
AlgebraicGoldbach.LowerBound.BooleanCoefficients,AlgebraicGoldbach.BooleanCoefficients.coefficients,def,Linear aggregation of genuine ordinary exponent coefficients by their finite supports.,Classical.choice;Quot.sound;propext,Compiled Lean definition/type,e5c4e119473e0023b0f500e322b5ed1ac4013e00,paper/algebraic_sources/AlgebraicGoldbach/LowerBound/BooleanCoefficients.lean,75eef96c3063d40b761d24212535c9d4445bc318ddb31d759a8dc98f4905fe06,18,noncomputable def coefficients : MvPolynomial σ ℚ →ₗ[ℚ] (Finset σ → ℚ),False,ALG-LEAN-AlgebraicGoldbach.BooleanCoefficients.coefficients
AlgebraicGoldbach.LowerBound.BooleanCoefficients,AlgebraicGoldbach.BooleanCoefficients.bitMul,def,The actual finite-support action representing genuine variable multiplication.,Classical.choice;Quot.sound;propext,Compiled Lean definition/type,e5c4e119473e0023b0f500e322b5ed1ac4013e00,paper/algebraic_sources/AlgebraicGoldbach/LowerBound/BooleanCoefficients.lean,75eef96c3063d40b761d24212535c9d4445bc318ddb31d759a8dc98f4905fe06,23,def bitMul (i : σ) (f : Finset σ → ℚ) (s : Finset σ) : ℚ,False,ALG-LEAN-AlgebraicGoldbach.BooleanCoefficients.bitMul
AlgebraicGoldbach.LowerBound.BooleanCoefficients,AlgebraicGoldbach.BooleanCoefficients.support_single_one_add,theorem,Adding a positive single-coordinate exponent inserts that coordinate into the exponent support.,Classical.choice;Quot.sound;propext,Compiled Lean,e5c4e119473e0023b0f500e322b5ed1ac4013e00,paper/algebraic_sources/AlgebraicGoldbach/LowerBound/BooleanCoefficients.lean,75eef96c3063d40b761d24212535c9d4445bc318ddb31d759a8dc98f4905fe06,28,theorem support_single_one_add (i : σ) (e : σ →₀ ℕ) : (Finsupp.single i 1 + e).support = insert i e.support,False,ALG-LEAN-AlgebraicGoldbach.BooleanCoefficients.support_single_one_add
AlgebraicGoldbach.LowerBound.BooleanCoefficients,AlgebraicGoldbach.BooleanCoefficients.coefficientAtom_single_one_add,theorem,The actual support atom obeys the variable-action identity.,Classical.choice;Quot.sound;propext,Compiled Lean,e5c4e119473e0023b0f500e322b5ed1ac4013e00,paper/algebraic_sources/AlgebraicGoldbach/LowerBound/BooleanCoefficients.lean,75eef96c3063d40b761d24212535c9d4445bc318ddb31d759a8dc98f4905fe06,38,theorem coefficientAtom_single_one_add (i : σ) (e : σ →₀ ℕ) : coefficientAtom (Finsupp.single i 1 + e) = bitMul i (coefficientAtom e),False,ALG-LEAN-AlgebraicGoldbach.BooleanCoefficients.coefficientAtom_single_one_add
AlgebraicGoldbach.LowerBound.BooleanCoefficients,AlgebraicGoldbach.BooleanCoefficients.coefficients_monomial,theorem,Ordinary monomial coefficients map to the corresponding scaled support atom.,Classical.choice;Quot.sound;propext,Compiled Lean,e5c4e119473e0023b0f500e322b5ed1ac4013e00,paper/algebraic_sources/AlgebraicGoldbach/LowerBound/BooleanCoefficients.lean,75eef96c3063d40b761d24212535c9d4445bc318ddb31d759a8dc98f4905fe06,66,theorem coefficients_monomial (e : σ →₀ ℕ) (c : ℚ) : coefficients (MvPolynomial.monomial e c) = c • coefficientAtom e,False,ALG-LEAN-AlgebraicGoldbach.BooleanCoefficients.coefficients_monomial
AlgebraicGoldbach.LowerBound.BooleanCoefficients,AlgebraicGoldbach.BooleanCoefficients.coefficients_X_mul,theorem,Genuine ordinary variable multiplication maps to the actual finite-support bit action.,Classical.choice;Quot.sound;propext,Compiled Lean,e5c4e119473e0023b0f500e322b5ed1ac4013e00,paper/algebraic_sources/AlgebraicGoldbach/LowerBound/BooleanCoefficients.lean,75eef96c3063d40b761d24212535c9d4445bc318ddb31d759a8dc98f4905fe06,73,theorem coefficients_X_mul {σ : Type*} [DecidableEq σ] (i : σ) (p : MvPolynomial σ ℚ) : coefficients (MvPolynomial.X i * p) = bitMul i (coefficients p),False,ALG-LEAN-AlgebraicGoldbach.BooleanCoefficients.coefficients_X_mul
AlgebraicGoldbach.LowerBound.BooleanCountBridge,AlgebraicGoldbach.BooleanCoefficients.coefficients_count_mul,theorem,The genuine ordinary count-polynomial multiple maps to the actual count multiplier.,Classical.choice;Quot.sound;propext,Compiled Lean,e5c4e119473e0023b0f500e322b5ed1ac4013e00,paper/algebraic_sources/AlgebraicGoldbach/LowerBound/BooleanCountBridge.lean,18168233d90481e99d3bda3fb39edb46c23cb66450827acefc10570ae9b811b8,11,"theorem coefficients_count_mul {σ : Type*} [Fintype σ] [DecidableEq σ] (m : ℚ) (p : MvPolynomial σ ℚ) : coefficients (((∑ i : σ, (MvPolynomial.X i : MvPolynomial σ ℚ)) - MvPolynomial.C m) * p) = countMul m (coefficients p)",False,ALG-LEAN-AlgebraicGoldbach.BooleanCoefficients.coefficients_count_mul
AlgebraicGoldbach.LowerBound.BooleanLattice,AlgebraicGoldbach.BooleanLattice.up,def,Actual Boolean-lattice raising action on signed rational support functions.,Classical.choice;Quot.sound;propext,Compiled Lean definition/type,e5c4e119473e0023b0f500e322b5ed1ac4013e00,paper/algebraic_sources/AlgebraicGoldbach/LowerBound/BooleanLattice.lean,1ababb31aa4a5c23701b7a3b62d249fb83e6680115124949c3eda2aa92c63dad,15,def up (f : Finset σ → ℚ) (s : Finset σ) : ℚ,False,ALG-LEAN-AlgebraicGoldbach.BooleanLattice.up
AlgebraicGoldbach.LowerBound.BooleanLattice,AlgebraicGoldbach.BooleanLattice.down,def,Actual Boolean-lattice lowering action on signed rational support functions.,Classical.choice;Quot.sound;propext,Compiled Lean definition/type,e5c4e119473e0023b0f500e322b5ed1ac4013e00,paper/algebraic_sources/AlgebraicGoldbach/LowerBound/BooleanLattice.lean,1ababb31aa4a5c23701b7a3b62d249fb83e6680115124949c3eda2aa92c63dad,18,def down (f : Finset σ → ℚ) (s : Finset σ) : ℚ,False,ALG-LEAN-AlgebraicGoldbach.BooleanLattice.down
AlgebraicGoldbach.LowerBound.BooleanLattice,AlgebraicGoldbach.BooleanLattice.raiseAt,def,Defines raise At in the declared module context; exact source is authoritative.,Classical.choice;Quot.sound;propext,Compiled Lean definition/type,e5c4e119473e0023b0f500e322b5ed1ac4013e00,paper/algebraic_sources/AlgebraicGoldbach/LowerBound/BooleanLattice.lean,1ababb31aa4a5c23701b7a3b62d249fb83e6680115124949c3eda2aa92c63dad,21,def raiseAt (i : σ) (f : Finset σ → ℚ) (s : Finset σ) : ℚ,False,ALG-LEAN-AlgebraicGoldbach.BooleanLattice.raiseAt
AlgebraicGoldbach.LowerBound.BooleanLattice,AlgebraicGoldbach.BooleanLattice.lowerAt,def,Defines lower At in the declared module context; exact source is authoritative.,Quot.sound;propext,Compiled Lean definition/type,e5c4e119473e0023b0f500e322b5ed1ac4013e00,paper/algebraic_sources/AlgebraicGoldbach/LowerBound/BooleanLattice.lean,1ababb31aa4a5c23701b7a3b62d249fb83e6680115124949c3eda2aa92c63dad,24,def lowerAt (i : σ) (f : Finset σ → ℚ) (s : Finset σ) : ℚ,False,ALG-LEAN-AlgebraicGoldbach.BooleanLattice.lowerAt
AlgebraicGoldbach.LowerBound.BooleanLattice,AlgebraicGoldbach.BooleanLattice.toggle,def,Defines toggle in the declared module context; exact source is authoritative.,Classical.choice;Quot.sound;propext,Compiled Lean definition/type,e5c4e119473e0023b0f500e322b5ed1ac4013e00,paper/algebraic_sources/AlgebraicGoldbach/LowerBound/BooleanLattice.lean,1ababb31aa4a5c23701b7a3b62d249fb83e6680115124949c3eda2aa92c63dad,27,def toggle (i : σ) (s : Finset σ) : Finset σ,False,ALG-LEAN-AlgebraicGoldbach.BooleanLattice.toggle
AlgebraicGoldbach.LowerBound.BooleanLattice,AlgebraicGoldbach.BooleanLattice.toggle_involutive,theorem,Toggling one support coordinate twice is the identity.,Classical.choice;Quot.sound;propext,Compiled Lean,e5c4e119473e0023b0f500e322b5ed1ac4013e00,paper/algebraic_sources/AlgebraicGoldbach/LowerBound/BooleanLattice.lean,1ababb31aa4a5c23701b7a3b62d249fb83e6680115124949c3eda2aa92c63dad,30,theorem toggle_involutive (i : σ) : Function.Involutive (toggle i),False,ALG-LEAN-AlgebraicGoldbach.BooleanLattice.toggle_involutive
AlgebraicGoldbach.LowerBound.BooleanLattice,AlgebraicGoldbach.BooleanLattice.up_eq_sum,theorem,The actual raising operator is the sum of coordinate raising actions.,Classical.choice;Quot.sound;propext,Compiled Lean,e5c4e119473e0023b0f500e322b5ed1ac4013e00,paper/algebraic_sources/AlgebraicGoldbach/LowerBound/BooleanLattice.lean,1ababb31aa4a5c23701b7a3b62d249fb83e6680115124949c3eda2aa92c63dad,36,"theorem up_eq_sum (f : Finset σ → ℚ) (s : Finset σ) : up f s = ∑ i : σ, raiseAt i f s",False,ALG-LEAN-AlgebraicGoldbach.BooleanLattice.up_eq_sum
AlgebraicGoldbach.LowerBound.BooleanLattice,AlgebraicGoldbach.BooleanLattice.down_eq_sum,theorem,The actual lowering operator is the sum of coordinate lowering actions.,Classical.choice;Quot.sound;propext,Compiled Lean,e5c4e119473e0023b0f500e322b5ed1ac4013e00,paper/algebraic_sources/AlgebraicGoldbach/LowerBound/BooleanLattice.lean,1ababb31aa4a5c23701b7a3b62d249fb83e6680115124949c3eda2aa92c63dad,40,"theorem down_eq_sum (f : Finset σ → ℚ) (s : Finset σ) : down f s = ∑ i : σ, lowerAt i f s",False,ALG-LEAN-AlgebraicGoldbach.BooleanLattice.down_eq_sum
AlgebraicGoldbach.LowerBound.BooleanLattice,AlgebraicGoldbach.BooleanLattice.raiseAt_sum,theorem,Coordinate raising commutes with finite rational function sums.,Classical.choice;Quot.sound;propext,Compiled Lean,e5c4e119473e0023b0f500e322b5ed1ac4013e00,paper/algebraic_sources/AlgebraicGoldbach/LowerBound/BooleanLattice.lean,1ababb31aa4a5c23701b7a3b62d249fb83e6680115124949c3eda2aa92c63dad,50,"theorem raiseAt_sum (i : σ) (F : σ → Finset σ → ℚ) (s : Finset σ) : raiseAt i (fun t => ∑ j : σ, F j t) s = ∑ j : σ, raiseAt i (F j) s",False,ALG-LEAN-AlgebraicGoldbach.BooleanLattice.raiseAt_sum
AlgebraicGoldbach.LowerBound.BooleanLattice,AlgebraicGoldbach.BooleanLattice.lowerAt_sum,theorem,Coordinate lowering commutes with finite rational function sums.,Classical.choice;Quot.sound;propext,Compiled Lean,e5c4e119473e0023b0f500e322b5ed1ac4013e00,paper/algebraic_sources/AlgebraicGoldbach/LowerBound/BooleanLattice.lean,1ababb31aa4a5c23701b7a3b62d249fb83e6680115124949c3eda2aa92c63dad,54,"theorem lowerAt_sum (i : σ) (F : σ → Finset σ → ℚ) (s : Finset σ) : lowerAt i (fun t => ∑ j : σ, F j t) s = ∑ j : σ, lowerAt i (F j) s",False,ALG-LEAN-AlgebraicGoldbach.BooleanLattice.lowerAt_sum
AlgebraicGoldbach.LowerBound.BooleanLattice,AlgebraicGoldbach.BooleanLattice.coordinate_adjoint,theorem,Coordinate raising and lowering are adjoint for the declared finite rational pairing.,Classical.choice;Quot.sound;propext,Compiled Lean,e5c4e119473e0023b0f500e322b5ed1ac4013e00,paper/algebraic_sources/AlgebraicGoldbach/LowerBound/BooleanLattice.lean,1ababb31aa4a5c23701b7a3b62d249fb83e6680115124949c3eda2aa92c63dad,58,"theorem coordinate_adjoint (i : σ) (f h : Finset σ → ℚ) : (∑ s : Finset σ, raiseAt i f s * h s) = ∑ s : Finset σ, f s * lowerAt i h s",False,ALG-LEAN-AlgebraicGoldbach.BooleanLattice.coordinate_adjoint
AlgebraicGoldbach.LowerBound.BooleanLattice,AlgebraicGoldbach.BooleanLattice.coordinate_commute,theorem,Distinct-coordinate lowering and raising commute.,Classical.choice;Quot.sound;propext,Compiled Lean,e5c4e119473e0023b0f500e322b5ed1ac4013e00,paper/algebraic_sources/AlgebraicGoldbach/LowerBound/BooleanLattice.lean,1ababb31aa4a5c23701b7a3b62d249fb83e6680115124949c3eda2aa92c63dad,68,theorem coordinate_commute (i j : σ) (hij : i ≠ j) (f : Finset σ → ℚ) (s : Finset σ) : lowerAt i (raiseAt j f) s = raiseAt j (lowerAt i f) s,False,ALG-LEAN-AlgebraicGoldbach.BooleanLattice.coordinate_commute
AlgebraicGoldbach.LowerBound.BooleanLattice,AlgebraicGoldbach.BooleanLattice.coordinate_diagonal,theorem,The same-coordinate commutator is the declared signed diagonal action.,Classical.choice;Quot.sound;propext,Compiled Lean,e5c4e119473e0023b0f500e322b5ed1ac4013e00,paper/algebraic_sources/AlgebraicGoldbach/LowerBound/BooleanLattice.lean,1ababb31aa4a5c23701b7a3b62d249fb83e6680115124949c3eda2aa92c63dad,78,theorem coordinate_diagonal (i : σ) (f : Finset σ → ℚ) (s : Finset σ) : lowerAt i (raiseAt i f) s - raiseAt i (lowerAt i f) s = (if i ∈ s then (-1 : ℚ) else 1) * f s,False,ALG-LEAN-AlgebraicGoldbach.BooleanLattice.coordinate_diagonal
AlgebraicGoldbach.LowerBound.BooleanLattice,AlgebraicGoldbach.BooleanLattice.adjoint,theorem,The actual total raising and lowering actions are adjoint.,Classical.choice;Quot.sound;propext,Compiled Lean,e5c4e119473e0023b0f500e322b5ed1ac4013e00,paper/algebraic_sources/AlgebraicGoldbach/LowerBound/BooleanLattice.lean,1ababb31aa4a5c23701b7a3b62d249fb83e6680115124949c3eda2aa92c63dad,83,"theorem adjoint (f h : Finset σ → ℚ) : (∑ s : Finset σ, up f s * h s) = ∑ s : Finset σ, f s * down h s",False,ALG-LEAN-AlgebraicGoldbach.BooleanLattice.adjoint
AlgebraicGoldbach.LowerBound.BooleanLattice,AlgebraicGoldbach.BooleanLattice.commutator,theorem,The actual commutator acts by variable count minus twice support size.,Classical.choice;Quot.sound;propext,Compiled Lean,e5c4e119473e0023b0f500e322b5ed1ac4013e00,paper/algebraic_sources/AlgebraicGoldbach/LowerBound/BooleanLattice.lean,1ababb31aa4a5c23701b7a3b62d249fb83e6680115124949c3eda2aa92c63dad,91,theorem commutator (f : Finset σ → ℚ) (s : Finset σ) : down (up f) s - up (down f) s = ((Fintype.card σ : ℚ) - 2 * (s.card : ℚ)) * f s,False,ALG-LEAN-AlgebraicGoldbach.BooleanLattice.commutator
AlgebraicGoldbach.LowerBound.BooleanLattice,AlgebraicGoldbach.BooleanLattice.up_injective_below_middle,theorem,"On a pure k layer with strict 2k<card sigma, a zero raising image forces the signed function to vanish.",Classical.choice;Quot.sound;propext,Compiled Lean,e5c4e119473e0023b0f500e322b5ed1ac4013e00,paper/algebraic_sources/AlgebraicGoldbach/LowerBound/BooleanLattice.lean,1ababb31aa4a5c23701b7a3b62d249fb83e6680115124949c3eda2aa92c63dad,144,"theorem up_injective_below_middle (k : ℕ) (hk : 2 * k < Fintype.card σ) (f : Finset σ → ℚ) (hlayer : ∀ s : Finset σ, s.card ≠ k → f s = 0) (hup : ∀ s : Finset σ, up f s = 0) : f = 0",False,ALG-LEAN-AlgebraicGoldbach.BooleanLattice.up_injective_below_middle
AlgebraicGoldbach.LowerBound.BooleanMultiplierRigidity,AlgebraicGoldbach.BooleanCoefficients.countMul,def,"The actual signed count action, with rational subtraction outside the finite sum.",Classical.choice;Quot.sound;propext,Compiled Lean definition/type,e5c4e119473e0023b0f500e322b5ed1ac4013e00,paper/algebraic_sources/AlgebraicGoldbach/LowerBound/BooleanMultiplierRigidity.lean,ffd9df07ade4711da8ccd866b97c3f9752993102fa3e4c2e2f1d245d5adba571,12,noncomputable def countMul {σ : Type*} [Fintype σ] [DecidableEq σ] (m : ℚ) (f : Finset σ → ℚ) (s : Finset σ) : ℚ,False,ALG-LEAN-AlgebraicGoldbach.BooleanCoefficients.countMul
AlgebraicGoldbach.LowerBound.BooleanMultiplierRigidity,AlgebraicGoldbach.BooleanCoefficients.countMul_eq_diagonal_add_up,theorem,The actual count multiplier equals its signed diagonal action plus raising.,Classical.choice;Quot.sound;propext,Compiled Lean,e5c4e119473e0023b0f500e322b5ed1ac4013e00,paper/algebraic_sources/AlgebraicGoldbach/LowerBound/BooleanMultiplierRigidity.lean,ffd9df07ade4711da8ccd866b97c3f9752993102fa3e4c2e2f1d245d5adba571,19,theorem countMul_eq_diagonal_add_up {σ : Type*} [Fintype σ] [DecidableEq σ] (m : ℚ) (f : Finset σ → ℚ) (s : Finset σ) : countMul m f s = ((s.card : ℚ) - m) * f s + BooleanLattice.up f s,False,ALG-LEAN-AlgebraicGoldbach.BooleanCoefficients.countMul_eq_diagonal_add_up
AlgebraicGoldbach.LowerBound.BooleanMultiplierRigidity,AlgebraicGoldbach.BooleanCoefficients.top_layer_vanishes_of_countMul_degree_le,theorem,"With strict 2k<card sigma, function and count image zero above k force the function zero at and above k.",Classical.choice;Quot.sound;propext,Compiled Lean,e5c4e119473e0023b0f500e322b5ed1ac4013e00,paper/algebraic_sources/AlgebraicGoldbach/LowerBound/BooleanMultiplierRigidity.lean,ffd9df07ade4711da8ccd866b97c3f9752993102fa3e4c2e2f1d245d5adba571,40,"theorem top_layer_vanishes_of_countMul_degree_le {σ : Type*} [Fintype σ] [DecidableEq σ] (m : ℚ) (k : ℕ) (hk : 2 * k < Fintype.card σ) (f : Finset σ → ℚ) (habove : ∀ s : Finset σ, k < s.card → f s = 0) (himage : ∀ s : Finset σ, k < s.card → countMul m f s = 0) : ∀ s : Finset σ, k ≤ s.card → f s = 0",False,ALG-LEAN-AlgebraicGoldbach.BooleanCoefficients.top_layer_vanishes_of_countMul_degree_le
AlgebraicGoldbach.LowerBound.CountVariableCommutation,AlgebraicGoldbach.BooleanCoefficients.bitMul_countMul,theorem,On finite types the actual bit and count actions commute for arbitrary rational parameter and signed functions.,Classical.choice;Quot.sound;propext,Compiled Lean,e5c4e119473e0023b0f500e322b5ed1ac4013e00,paper/algebraic_sources/AlgebraicGoldbach/LowerBound/CountVariableCommutation.lean,44055a0a8f0c3201e05123e2d440c7b6105135e40f6826769891418ffe1eebb9,11,theorem bitMul_countMul {σ : Type*} [Fintype σ] [DecidableEq σ] (i : σ) (m : ℚ) (f : Finset σ → ℚ) : bitMul i (countMul m f) = countMul m (bitMul i f),False,ALG-LEAN-AlgebraicGoldbach.BooleanCoefficients.bitMul_countMul
AlgebraicGoldbach.PinnedControl,AlgebraicGoldbach.pinnedFamily,def,Defines pinned Family in the declared module context; exact source is authoritative.,NOT SEPARATELY REPRINTED,Compiled Lean definition/type,e5c4e119473e0023b0f500e322b5ed1ac4013e00,paper/algebraic_sources/AlgebraicGoldbach/PinnedControl.lean,ed51c56f8660783e9cfec9c20194e0600552c648824b7b9b481582c579453400,10,def pinnedFamily (N : ℕ) (i : Fin (N + 1)) : R N ℚ,False,ALG-LEAN-AlgebraicGoldbach.pinnedFamily
AlgebraicGoldbach.PinnedControl,AlgebraicGoldbach.pinnedMultiplier,def,Defines pinned Multiplier in the declared module context; exact source is authoritative.,NOT SEPARATELY REPRINTED,Compiled Lean definition/type,e5c4e119473e0023b0f500e322b5ed1ac4013e00,paper/algebraic_sources/AlgebraicGoldbach/PinnedControl.lean,ed51c56f8660783e9cfec9c20194e0600552c648824b7b9b481582c579453400,13,def pinnedMultiplier (N : ℕ) (i : Fin (N + 1)) : R N ℚ,False,ALG-LEAN-AlgebraicGoldbach.pinnedMultiplier
AlgebraicGoldbach.PinnedControl,AlgebraicGoldbach.complement_involutive,theorem,The bounded complementary-coordinate map is an involution.,Quot.sound;propext,Compiled Lean,e5c4e119473e0023b0f500e322b5ed1ac4013e00,paper/algebraic_sources/AlgebraicGoldbach/PinnedControl.lean,ed51c56f8660783e9cfec9c20194e0600552c648824b7b9b481582c579453400,17,theorem complement_involutive (N : ℕ) : Function.Involutive (complement N),False,ALG-LEAN-AlgebraicGoldbach.complement_involutive
AlgebraicGoldbach.PinnedControl,AlgebraicGoldbach.pinned_cross_sum,theorem,The complementary-coordinate cross sum can be reindexed.,Classical.choice;Quot.sound;propext,Compiled Lean,e5c4e119473e0023b0f500e322b5ed1ac4013e00,paper/algebraic_sources/AlgebraicGoldbach/PinnedControl.lean,ed51c56f8660783e9cfec9c20194e0600552c648824b7b9b481582c579453400,24,"theorem pinned_cross_sum (N : ℕ) : (∑ i : Fin (N + 1), C (primePoint N ℚ (complement N i)) * X i) = (∑ i : Fin (N + 1), C (primePoint N ℚ i) * X (complement N i))",False,ALG-LEAN-AlgebraicGoldbach.pinned_cross_sum
AlgebraicGoldbach.PinnedControl,AlgebraicGoldbach.pinned_telescoping,theorem,The pinned generators telescope to g minus the prime-point count.,Classical.choice;Quot.sound;propext,Compiled Lean,e5c4e119473e0023b0f500e322b5ed1ac4013e00,paper/algebraic_sources/AlgebraicGoldbach/PinnedControl.lean,ed51c56f8660783e9cfec9c20194e0600552c648824b7b9b481582c579453400,37,"theorem pinned_telescoping (N : ℕ) : (∑ i : Fin (N + 1), (X (complement N i) + C (primePoint N ℚ (complement N i))) * pinnedFamily N i) = g N ℚ - C (goldbachCount N : ℚ)",False,ALG-LEAN-AlgebraicGoldbach.pinned_telescoping
AlgebraicGoldbach.PinnedControl,AlgebraicGoldbach.pinned_control_certificate,theorem,A nonzero prime-count premise yields the explicit circular pinned-control certificate.,Classical.choice;Quot.sound;propext,Compiled Lean,e5c4e119473e0023b0f500e322b5ed1ac4013e00,paper/algebraic_sources/AlgebraicGoldbach/PinnedControl.lean,ed51c56f8660783e9cfec9c20194e0600552c648824b7b9b481582c579453400,59,theorem pinned_control_certificate (N : ℕ) (hG : (goldbachCount N : ℚ) ≠ 0) : Certificate (pinnedFamily N) (pinnedMultiplier N) (fun _ => 0) (C ((goldbachCount N : ℚ)⁻¹)),False,ALG-LEAN-AlgebraicGoldbach.pinned_control_certificate
AlgebraicGoldbach.PinnedControl,AlgebraicGoldbach.pinned_family_pins,theorem,The pinned family has exactly the prime-indicator common zero.,Classical.choice;Quot.sound;propext,Compiled Lean,e5c4e119473e0023b0f500e322b5ed1ac4013e00,paper/algebraic_sources/AlgebraicGoldbach/PinnedControl.lean,ed51c56f8660783e9cfec9c20194e0600552c648824b7b9b481582c579453400,81,"theorem pinned_family_pins (N : ℕ) (x : Fin (N + 1) → ℚ) (hF : ∀ i, eval x (pinnedFamily N i) = 0) : x = primePoint N ℚ",False,ALG-LEAN-AlgebraicGoldbach.pinned_family_pins
AlgebraicGoldbach.PinnedControl,AlgebraicGoldbach.pinned_certificate_iff_goldbach,theorem,Existence of a pinned-control certificate is equivalent to positive ordered count.,Classical.choice;Quot.sound;propext,Compiled Lean,e5c4e119473e0023b0f500e322b5ed1ac4013e00,paper/algebraic_sources/AlgebraicGoldbach/PinnedControl.lean,ed51c56f8660783e9cfec9c20194e0600552c648824b7b9b481582c579453400,87,"theorem pinned_certificate_iff_goldbach (N : ℕ) : (∃ A U B, Certificate (pinnedFamily N) A U B) ↔ 0 < goldbachCount N",False,ALG-LEAN-AlgebraicGoldbach.pinned_certificate_iff_goldbach
AlgebraicGoldbach.PinnedControl,AlgebraicGoldbach.pinned_multiplier_degree_le_one,theorem,The explicit pinned multipliers have ordinary degree at most one.,Classical.choice;Quot.sound;propext,Compiled Lean,e5c4e119473e0023b0f500e322b5ed1ac4013e00,paper/algebraic_sources/AlgebraicGoldbach/PinnedControl.lean,ed51c56f8660783e9cfec9c20194e0600552c648824b7b9b481582c579453400,97,theorem pinned_multiplier_degree_le_one (N : ℕ) (i : Fin (N + 1)) : (pinnedMultiplier N i).totalDegree ≤ 1,False,ALG-LEAN-AlgebraicGoldbach.pinned_multiplier_degree_le_one
AlgebraicGoldbach.PinnedControl,AlgebraicGoldbach.pinned_B_degree_zero,theorem,The explicit coefficient multiplying g is constant.,Classical.choice;Quot.sound;propext,Compiled Lean,e5c4e119473e0023b0f500e322b5ed1ac4013e00,paper/algebraic_sources/AlgebraicGoldbach/PinnedControl.lean,ed51c56f8660783e9cfec9c20194e0600552c648824b7b9b481582c579453400,109,theorem pinned_B_degree_zero (N : ℕ) : (C ((goldbachCount N : ℚ)⁻¹) : R N ℚ).totalDegree = 0,False,ALG-LEAN-AlgebraicGoldbach.pinned_B_degree_zero
AlgebraicGoldbach.PinnedControl,AlgebraicGoldbach.pinned_summand_degree_le_two,theorem,Each explicit pinned multiplier-generator summand has degree at most two.,Classical.choice;Quot.sound;propext,Compiled Lean,e5c4e119473e0023b0f500e322b5ed1ac4013e00,paper/algebraic_sources/AlgebraicGoldbach/PinnedControl.lean,ed51c56f8660783e9cfec9c20194e0600552c648824b7b9b481582c579453400,112,theorem pinned_summand_degree_le_two (N : ℕ) (i : Fin (N + 1)) : (pinnedMultiplier N i * pinnedFamily N i).totalDegree ≤ 2,False,ALG-LEAN-AlgebraicGoldbach.pinned_summand_degree_le_two
AlgebraicGoldbach.PinnedControl,AlgebraicGoldbach.g_degree_le_two,theorem,The original ordered g has ordinary degree at most two.,Classical.choice;Quot.sound;propext,Compiled Lean,e5c4e119473e0023b0f500e322b5ed1ac4013e00,paper/algebraic_sources/AlgebraicGoldbach/PinnedControl.lean,ed51c56f8660783e9cfec9c20194e0600552c648824b7b9b481582c579453400,122,theorem g_degree_le_two (N : ℕ) : (g N ℚ).totalDegree ≤ 2,False,ALG-LEAN-AlgebraicGoldbach.g_degree_le_two
AlgebraicGoldbach.PinnedControl,AlgebraicGoldbach.pinned_g_summand_degree_le_two,theorem,The explicit constant multiple of g has degree at most two.,Classical.choice;Quot.sound;propext,Compiled Lean,e5c4e119473e0023b0f500e322b5ed1ac4013e00,paper/algebraic_sources/AlgebraicGoldbach/PinnedControl.lean,ed51c56f8660783e9cfec9c20194e0600552c648824b7b9b481582c579453400,128,theorem pinned_g_summand_degree_le_two (N : ℕ) : (C ((goldbachCount N : ℚ)⁻¹) * g N ℚ).totalDegree ≤ 2,False,ALG-LEAN-AlgebraicGoldbach.pinned_g_summand_degree_le_two
AlgebraicGoldbach.ProperBertrand,AlgebraicGoldbach.ProperBertrand.Index,abbrev,Defines Index in the declared module context; exact source is authoritative.,NOT SEPARATELY REPRINTED,Compiled Lean definition/type,e5c4e119473e0023b0f500e322b5ed1ac4013e00,paper/algebraic_sources/AlgebraicGoldbach/ProperBertrand.lean,de188be68a94ffeadc5732cb604e1b62b1d4394b3ae80f238a4cb9f89600577b,11,abbrev Index (N : ℕ),False,ALG-LEAN-AlgebraicGoldbach.ProperBertrand.Index
AlgebraicGoldbach.ProperBertrand,AlgebraicGoldbach.ProperBertrand.family,def,Defines family in the declared module context; exact source is authoritative.,NOT SEPARATELY REPRINTED,Compiled Lean definition/type,e5c4e119473e0023b0f500e322b5ed1ac4013e00,paper/algebraic_sources/AlgebraicGoldbach/ProperBertrand.lean,de188be68a94ffeadc5732cb604e1b62b1d4394b3ae80f238a4cb9f89600577b,13,def family (N : ℕ) : Index N → R N ℚ,False,ALG-LEAN-AlgebraicGoldbach.ProperBertrand.family
AlgebraicGoldbach.ProperBertrand,AlgebraicGoldbach.ProperBertrand.onePoint,def,Defines one Point in the declared module context; exact source is authoritative.,NOT SEPARATELY REPRINTED,Compiled Lean definition/type,e5c4e119473e0023b0f500e322b5ed1ac4013e00,paper/algebraic_sources/AlgebraicGoldbach/ProperBertrand.lean,de188be68a94ffeadc5732cb604e1b62b1d4394b3ae80f238a4cb9f89600577b,15,def onePoint (N : ℕ) : Fin (N + 1) → ℚ,False,ALG-LEAN-AlgebraicGoldbach.ProperBertrand.onePoint
AlgebraicGoldbach.ProperBertrand,AlgebraicGoldbach.ProperBertrand.exceptPoint,def,Defines except Point in the declared module context; exact source is authoritative.,NOT SEPARATELY REPRINTED,Compiled Lean definition/type,e5c4e119473e0023b0f500e322b5ed1ac4013e00,paper/algebraic_sources/AlgebraicGoldbach/ProperBertrand.lean,de188be68a94ffeadc5732cb604e1b62b1d4394b3ae80f238a4cb9f89600577b,17,def exceptPoint (N : ℕ) (target : Fin (N + 1)) : Fin (N + 1) → ℚ,False,ALG-LEAN-AlgebraicGoldbach.ProperBertrand.exceptPoint
AlgebraicGoldbach.ProperBertrand,AlgebraicGoldbach.ProperBertrand.primePoint_family,theorem,The prime point satisfies this module's actual family under its declared index hypotheses.,Classical.choice;Quot.sound;propext,Compiled Lean,e5c4e119473e0023b0f500e322b5ed1ac4013e00,paper/algebraic_sources/AlgebraicGoldbach/ProperBertrand.lean,de188be68a94ffeadc5732cb604e1b62b1d4394b3ae80f238a4cb9f89600577b,20,theorem primePoint_family (N : ℕ) (m : Index N) : eval (primePoint N ℚ) (family N m) = 0,False,ALG-LEAN-AlgebraicGoldbach.ProperBertrand.primePoint_family
AlgebraicGoldbach.ProperBertrand,AlgebraicGoldbach.ProperBertrand.onePoint_boolean,theorem,The all-one point satisfies Booleanity.,Classical.choice;Quot.sound;propext,Compiled Lean,e5c4e119473e0023b0f500e322b5ed1ac4013e00,paper/algebraic_sources/AlgebraicGoldbach/ProperBertrand.lean,de188be68a94ffeadc5732cb604e1b62b1d4394b3ae80f238a4cb9f89600577b,24,theorem onePoint_boolean (N : ℕ) (i : Fin (N + 1)) : eval (onePoint N) (booleanConstraint i) = 0,False,ALG-LEAN-AlgebraicGoldbach.ProperBertrand.onePoint_boolean
AlgebraicGoldbach.ProperBertrand,AlgebraicGoldbach.ProperBertrand.exceptPoint_boolean,theorem,The one-coordinate-flip point satisfies Booleanity.,Classical.choice;Quot.sound;propext,Compiled Lean,e5c4e119473e0023b0f500e322b5ed1ac4013e00,paper/algebraic_sources/AlgebraicGoldbach/ProperBertrand.lean,de188be68a94ffeadc5732cb604e1b62b1d4394b3ae80f238a4cb9f89600577b,28,theorem exceptPoint_boolean (N : ℕ) (target i : Fin (N + 1)) : eval (exceptPoint N target) (booleanConstraint i) = 0,False,ALG-LEAN-AlgebraicGoldbach.ProperBertrand.exceptPoint_boolean
AlgebraicGoldbach.ProperBertrand,AlgebraicGoldbach.ProperBertrand.onePoint_family,theorem,The all-one point satisfies this module's family.,Classical.choice;Quot.sound;propext,Compiled Lean,e5c4e119473e0023b0f500e322b5ed1ac4013e00,paper/algebraic_sources/AlgebraicGoldbach/ProperBertrand.lean,de188be68a94ffeadc5732cb604e1b62b1d4394b3ae80f238a4cb9f89600577b,34,theorem onePoint_family (N : ℕ) (m : Index N) : eval (onePoint N) (family N m) = 0,False,ALG-LEAN-AlgebraicGoldbach.ProperBertrand.onePoint_family
AlgebraicGoldbach.ProperBertrand,AlgebraicGoldbach.ProperBertrand.exceptPoint_family,theorem,The one-coordinate-flip point satisfies this module's family.,Classical.choice;Quot.sound;propext,Compiled Lean,e5c4e119473e0023b0f500e322b5ed1ac4013e00,paper/algebraic_sources/AlgebraicGoldbach/ProperBertrand.lean,de188be68a94ffeadc5732cb604e1b62b1d4394b3ae80f238a4cb9f89600577b,44,theorem exceptPoint_family (N : ℕ) (target : Fin (N + 1)) (m : Index N) : eval (exceptPoint N target) (family N m) = 0,False,ALG-LEAN-AlgebraicGoldbach.ProperBertrand.exceptPoint_family
AlgebraicGoldbach.ProperBertrand,AlgebraicGoldbach.ProperBertrand.onePoint_differs_from_primePoint,theorem,The all-one point differs from the prime indicator.,Classical.choice;Quot.sound;propext,Compiled Lean,e5c4e119473e0023b0f500e322b5ed1ac4013e00,paper/algebraic_sources/AlgebraicGoldbach/ProperBertrand.lean,de188be68a94ffeadc5732cb604e1b62b1d4394b3ae80f238a4cb9f89600577b,67,theorem onePoint_differs_from_primePoint (N : ℕ) : onePoint N ≠ primePoint N ℚ,False,ALG-LEAN-AlgebraicGoldbach.ProperBertrand.onePoint_differs_from_primePoint
AlgebraicGoldbach.ProperBertrand,AlgebraicGoldbach.ProperBertrand.family_has_second_boolean_solution,theorem,A Boolean family model distinct from the prime point is supplied under the exact source hypotheses.,Classical.choice;Quot.sound;propext,Compiled Lean,e5c4e119473e0023b0f500e322b5ed1ac4013e00,paper/algebraic_sources/AlgebraicGoldbach/ProperBertrand.lean,de188be68a94ffeadc5732cb604e1b62b1d4394b3ae80f238a4cb9f89600577b,72,"theorem family_has_second_boolean_solution (N : ℕ) : (∀ m, eval (primePoint N ℚ) (family N m) = 0) ∧ (∀ i, eval (primePoint N ℚ) (booleanConstraint i) = 0) ∧ (∀ m, eval (onePoint N) (family N m) = 0) ∧ (∀ i, eval (onePoint N) (booleanConstraint i) = 0) ∧ onePoint N ≠ primePoint N ℚ",False,ALG-LEAN-AlgebraicGoldbach.ProperBertrand.family_has_second_boolean_solution
AlgebraicGoldbach.ProperBertrand,AlgebraicGoldbach.ProperBertrand.family_does_not_pin_any_coordinate,theorem,For every coordinate the family has a Boolean model taking each of zero and one there.,Classical.choice;Quot.sound;propext,Compiled Lean,e5c4e119473e0023b0f500e322b5ed1ac4013e00,paper/algebraic_sources/AlgebraicGoldbach/ProperBertrand.lean,de188be68a94ffeadc5732cb604e1b62b1d4394b3ae80f238a4cb9f89600577b,81,"theorem family_does_not_pin_any_coordinate (N : ℕ) (target : Fin (N + 1)) : (∀ m, eval (exceptPoint N target) (family N m) = 0) ∧ (∀ i, eval (exceptPoint N target) (booleanConstraint i) = 0) ∧ exceptPoint N target target = 0 ∧ (∀ m, eval (onePoint N) (family N m) = 0) ∧ (∀ i, eval (onePoint N) (booleanConstraint i) = 0) ∧ onePoint N target = 1",False,ALG-LEAN-AlgebraicGoldbach.ProperBertrand.family_does_not_pin_any_coordinate
AlgebraicGoldbach.ProperBertrand,AlgebraicGoldbach.ProperBertrand.modelPoint_family,theorem,For N>=24 the explicit model satisfies the proper interval-only family.,Classical.choice;Quot.sound;propext,Compiled Lean,e5c4e119473e0023b0f500e322b5ed1ac4013e00,paper/algebraic_sources/AlgebraicGoldbach/ProperBertrand.lean,de188be68a94ffeadc5732cb604e1b62b1d4394b3ae80f238a4cb9f89600577b,91,theorem modelPoint_family (N : ℕ) (hN : 24 ≤ N) (m : Index N) : eval (modelPoint N) (family N m) = 0,False,ALG-LEAN-AlgebraicGoldbach.ProperBertrand.modelPoint_family
AlgebraicGoldbach.ProperBertrand,AlgebraicGoldbach.ProperBertrand.family_common_zero,theorem,For N>=24 the proper interval-only family has an actual Boolean/g common zero.,Classical.choice;Quot.sound;propext,Compiled Lean,e5c4e119473e0023b0f500e322b5ed1ac4013e00,paper/algebraic_sources/AlgebraicGoldbach/ProperBertrand.lean,de188be68a94ffeadc5732cb604e1b62b1d4394b3ae80f238a4cb9f89600577b,95,"theorem family_common_zero (N : ℕ) (hN : 24 ≤ N) : (∀ m, eval (modelPoint N) (family N m) = 0) ∧ (∀ i, eval (modelPoint N) (booleanConstraint i) = 0) ∧ eval (modelPoint N) (g N ℚ) = 0",False,ALG-LEAN-AlgebraicGoldbach.ProperBertrand.family_common_zero
AlgebraicGoldbach.ProperBertrand,AlgebraicGoldbach.ProperBertrand.family_no_certificate,theorem,For N>=24 the proper interval-only family has no certificate identity.,Classical.choice;Quot.sound;propext,Compiled Lean,e5c4e119473e0023b0f500e322b5ed1ac4013e00,paper/algebraic_sources/AlgebraicGoldbach/ProperBertrand.lean,de188be68a94ffeadc5732cb604e1b62b1d4394b3ae80f238a4cb9f89600577b,101,theorem family_no_certificate (N : ℕ) (hN : 24 ≤ N) (A : Index N → R N ℚ) (U : Fin (N + 1) → R N ℚ) (B : R N ℚ) : ¬ Certificate (family N) A U B,False,ALG-LEAN-AlgebraicGoldbach.ProperBertrand.family_no_certificate
AlgebraicGoldbach.SignDefinite,AlgebraicGoldbach.SignDefinite.NonnegativeCoefficients,def,Defines Nonnegative Coefficients in the declared module context; exact source is authoritative.,NOT SEPARATELY REPRINTED,Compiled Lean definition/type,e5c4e119473e0023b0f500e322b5ed1ac4013e00,paper/algebraic_sources/AlgebraicGoldbach/SignDefinite.lean,69f1d251dab28fee93a67efc636c3ca2f55e7a80f76feba232e9966b5f38ea5e,16,def NonnegativeCoefficients {N : ℕ} (P : R N ℚ) : Prop,False,ALG-LEAN-AlgebraicGoldbach.SignDefinite.NonnegativeCoefficients
AlgebraicGoldbach.SignDefinite,AlgebraicGoldbach.SignDefinite.SignDefiniteCoefficients,def,Defines Sign Definite Coefficients in the declared module context; exact source is authoritative.,NOT SEPARATELY REPRINTED,Compiled Lean definition/type,e5c4e119473e0023b0f500e322b5ed1ac4013e00,paper/algebraic_sources/AlgebraicGoldbach/SignDefinite.lean,69f1d251dab28fee93a67efc636c3ca2f55e7a80f76feba232e9966b5f38ea5e,19,def SignDefiniteCoefficients {N : ℕ} (P : R N ℚ) : Prop,False,ALG-LEAN-AlgebraicGoldbach.SignDefinite.SignDefiniteCoefficients
AlgebraicGoldbach.SignDefinite,AlgebraicGoldbach.SignDefinite.SievePoint,def,Defines Sieve Point in the declared module context; exact source is authoritative.,NOT SEPARATELY REPRINTED,Compiled Lean definition/type,e5c4e119473e0023b0f500e322b5ed1ac4013e00,paper/algebraic_sources/AlgebraicGoldbach/SignDefinite.lean,69f1d251dab28fee93a67efc636c3ca2f55e7a80f76feba232e9966b5f38ea5e,22,def SievePoint (N : ℕ) (x : Fin (N + 1) → ℚ) : Prop,False,ALG-LEAN-AlgebraicGoldbach.SignDefinite.SievePoint
AlgebraicGoldbach.SignDefinite,AlgebraicGoldbach.SignDefinite.coefficient_on_primes_eq_zero,theorem,Nonnegative canonical coefficients and prime truth force each prime-supported monomial coefficient to vanish.,Classical.choice;Quot.sound;propext,Compiled Lean,e5c4e119473e0023b0f500e322b5ed1ac4013e00,paper/algebraic_sources/AlgebraicGoldbach/SignDefinite.lean,69f1d251dab28fee93a67efc636c3ca2f55e7a80f76feba232e9966b5f38ea5e,25,"theorem coefficient_on_primes_eq_zero {N : ℕ} (P : R N ℚ) (hcoeff : NonnegativeCoefficients P) (htruth : eval (primePoint N ℚ) P = 0) (d : Fin (N + 1) →₀ ℕ) (hprime : ∀ i ∈ d.support, Nat.Prime i.val) : coeff d P = 0",False,ALG-LEAN-AlgebraicGoldbach.SignDefinite.coefficient_on_primes_eq_zero
AlgebraicGoldbach.SignDefinite,AlgebraicGoldbach.SignDefinite.nonnegative_equation_vanishes_on_sievePoint,theorem,A nonnegative-coefficient prime-true equation vanishes on every prime-supported rational point.,Classical.choice;Quot.sound;propext,Compiled Lean,e5c4e119473e0023b0f500e322b5ed1ac4013e00,paper/algebraic_sources/AlgebraicGoldbach/SignDefinite.lean,69f1d251dab28fee93a67efc636c3ca2f55e7a80f76feba232e9966b5f38ea5e,50,theorem nonnegative_equation_vanishes_on_sievePoint {N : ℕ} (P : R N ℚ) (hcoeff : NonnegativeCoefficients P) (htruth : eval (primePoint N ℚ) P = 0) (x : Fin (N + 1) → ℚ) (hx : SievePoint N x) : eval x P = 0,False,ALG-LEAN-AlgebraicGoldbach.SignDefinite.nonnegative_equation_vanishes_on_sievePoint
AlgebraicGoldbach.SignDefinite,AlgebraicGoldbach.SignDefinite.sign_definite_equation_vanishes_on_sievePoint,theorem,A canonical same-sign prime-true equation vanishes on every prime-supported rational point.,Classical.choice;Quot.sound;propext,Compiled Lean,e5c4e119473e0023b0f500e322b5ed1ac4013e00,paper/algebraic_sources/AlgebraicGoldbach/SignDefinite.lean,69f1d251dab28fee93a67efc636c3ca2f55e7a80f76feba232e9966b5f38ea5e,69,theorem sign_definite_equation_vanishes_on_sievePoint {N : ℕ} (P : R N ℚ) (hcoeff : SignDefiniteCoefficients P) (htruth : eval (primePoint N ℚ) P = 0) (x : Fin (N + 1) → ℚ) (hx : SievePoint N x) : eval x P = 0,False,ALG-LEAN-AlgebraicGoldbach.SignDefinite.sign_definite_equation_vanishes_on_sievePoint
AlgebraicGoldbach.SignDefinite,AlgebraicGoldbach.SignDefinite.sign_definite_family_preserves_sieve_common_zero,theorem,A same-sign prime-true strengthening preserves a supplied prime-supported family common zero.,Classical.choice;Quot.sound;propext,Compiled Lean,e5c4e119473e0023b0f500e322b5ed1ac4013e00,paper/algebraic_sources/AlgebraicGoldbach/SignDefinite.lean,69f1d251dab28fee93a67efc636c3ca2f55e7a80f76feba232e9966b5f38ea5e,83,"theorem sign_definite_family_preserves_sieve_common_zero {N : ℕ} {ι κ : Type*} (F : ι → R N ℚ) (P : κ → R N ℚ) (hcoeff : ∀ j, SignDefiniteCoefficients (P j)) (htruth : ∀ j, eval (primePoint N ℚ) (P j) = 0) (x : Fin (N + 1) → ℚ) (hx : SievePoint N x) (hF : ∀ j, eval x (F j) = 0) : ∀ j : ι ⊕ κ, eval x (Sum.elim F P j) = 0",False,ALG-LEAN-AlgebraicGoldbach.SignDefinite.sign_definite_family_preserves_sieve_common_zero
AlgebraicGoldbach.SignDefinite,AlgebraicGoldbach.SignDefinite.sign_definite_strengthening_has_no_certificate,theorem,A supplied prime-supported Boolean/g common zero survives the same-sign strengthening and excludes its certificate.,Classical.choice;Quot.sound;propext,Compiled Lean,e5c4e119473e0023b0f500e322b5ed1ac4013e00,paper/algebraic_sources/AlgebraicGoldbach/SignDefinite.lean,69f1d251dab28fee93a67efc636c3ca2f55e7a80f76feba232e9966b5f38ea5e,97,"theorem sign_definite_strengthening_has_no_certificate {N : ℕ} {ι κ : Type*} [Fintype ι] [Fintype κ] (F : ι → R N ℚ) (P : κ → R N ℚ) (hcoeff : ∀ j, SignDefiniteCoefficients (P j)) (htruth : ∀ j, eval (primePoint N ℚ) (P j) = 0) (x : Fin (N + 1) → ℚ) (hx : SievePoint N x) (hF : ∀ j, eval x (F j) = 0) (hBool : ∀ i, eval x (booleanConstraint i) = 0) (hg : eval x (g N ℚ) = 0) (A : ι ⊕ κ → R N ℚ) (U : Fin (N + 1) → R N ℚ) (B : R N ℚ) : ¬ Certificate (Sum.elim F P) A U B",False,ALG-LEAN-AlgebraicGoldbach.SignDefinite.sign_definite_strengthening_has_no_certificate
AlgebraicGoldbach.Soundness,AlgebraicGoldbach.R,abbrev,Ordinary multivariate polynomial ring on the declared bounded coordinate type.,NOT SEPARATELY REPRINTED,Compiled Lean definition/type,e5c4e119473e0023b0f500e322b5ed1ac4013e00,paper/algebraic_sources/AlgebraicGoldbach/Soundness.lean,475253ba268b4ffb8e27e4918b1e5e78238ab6d20d2b3488c4c652530eeb7391,21,abbrev R (N : ℕ) (K : Type*) [CommSemiring K],False,ALG-LEAN-AlgebraicGoldbach.R
AlgebraicGoldbach.Soundness,AlgebraicGoldbach.complement,def,Defines complement in the declared module context; exact source is authoritative.,NOT SEPARATELY REPRINTED,Compiled Lean definition/type,e5c4e119473e0023b0f500e322b5ed1ac4013e00,paper/algebraic_sources/AlgebraicGoldbach/Soundness.lean,475253ba268b4ffb8e27e4918b1e5e78238ab6d20d2b3488c4c652530eeb7391,23,def complement (N : ℕ) (i : Fin (N + 1)) : Fin (N + 1),False,ALG-LEAN-AlgebraicGoldbach.complement
AlgebraicGoldbach.Soundness,AlgebraicGoldbach.g,def,The declared full ordered complementary-coordinate polynomial or its explicitly separate calibration evaluation.,NOT SEPARATELY REPRINTED,Compiled Lean definition/type,e5c4e119473e0023b0f500e322b5ed1ac4013e00,paper/algebraic_sources/AlgebraicGoldbach/Soundness.lean,475253ba268b4ffb8e27e4918b1e5e78238ab6d20d2b3488c4c652530eeb7391,26,def g (N : ℕ) (K : Type*) [CommSemiring K] : R N K,False,ALG-LEAN-AlgebraicGoldbach.g
AlgebraicGoldbach.Soundness,AlgebraicGoldbach.booleanConstraint,def,Defines boolean Constraint in the declared module context; exact source is authoritative.,NOT SEPARATELY REPRINTED,Compiled Lean definition/type,e5c4e119473e0023b0f500e322b5ed1ac4013e00,paper/algebraic_sources/AlgebraicGoldbach/Soundness.lean,475253ba268b4ffb8e27e4918b1e5e78238ab6d20d2b3488c4c652530eeb7391,29,def booleanConstraint {N : ℕ} {K : Type*} [CommRing K] (i : Fin (N + 1)) : R N K,False,ALG-LEAN-AlgebraicGoldbach.booleanConstraint
AlgebraicGoldbach.Soundness,AlgebraicGoldbach.coarseAllowed,def,Defines coarse Allowed in the declared module context; exact source is authoritative.,NOT SEPARATELY REPRINTED,Compiled Lean definition/type,e5c4e119473e0023b0f500e322b5ed1ac4013e00,paper/algebraic_sources/AlgebraicGoldbach/Soundness.lean,475253ba268b4ffb8e27e4918b1e5e78238ab6d20d2b3488c4c652530eeb7391,34,def coarseAllowed {N : ℕ} (i : Fin (N + 1)) : Prop,False,ALG-LEAN-AlgebraicGoldbach.coarseAllowed
AlgebraicGoldbach.Soundness,AlgebraicGoldbach.coarseConstraint,def,Defines coarse Constraint in the declared module context; exact source is authoritative.,NOT SEPARATELY REPRINTED,Compiled Lean definition/type,e5c4e119473e0023b0f500e322b5ed1ac4013e00,paper/algebraic_sources/AlgebraicGoldbach/Soundness.lean,475253ba268b4ffb8e27e4918b1e5e78238ab6d20d2b3488c4c652530eeb7391,37,def coarseConstraint {N : ℕ} {K : Type*} [CommRing K] (i : Fin (N + 1)) : R N K,False,ALG-LEAN-AlgebraicGoldbach.coarseConstraint
AlgebraicGoldbach.Soundness,AlgebraicGoldbach.primeIndicator,def,Defines prime Indicator in the declared module context; exact source is authoritative.,NOT SEPARATELY REPRINTED,Compiled Lean definition/type,e5c4e119473e0023b0f500e322b5ed1ac4013e00,paper/algebraic_sources/AlgebraicGoldbach/Soundness.lean,475253ba268b4ffb8e27e4918b1e5e78238ab6d20d2b3488c4c652530eeb7391,40,def primeIndicator (n : ℕ) : ℕ,False,ALG-LEAN-AlgebraicGoldbach.primeIndicator
AlgebraicGoldbach.Soundness,AlgebraicGoldbach.primePoint,def,The genuine prime-indicator point on the bounded coordinate type.,NOT SEPARATELY REPRINTED,Compiled Lean definition/type,e5c4e119473e0023b0f500e322b5ed1ac4013e00,paper/algebraic_sources/AlgebraicGoldbach/Soundness.lean,475253ba268b4ffb8e27e4918b1e5e78238ab6d20d2b3488c4c652530eeb7391,42,def primePoint (N : ℕ) (K : Type*) [CommSemiring K] : Fin (N + 1) → K,False,ALG-LEAN-AlgebraicGoldbach.primePoint
AlgebraicGoldbach.Soundness,AlgebraicGoldbach.goldbachCount,def,"The original ordered prime-indicator pair count, with a midpoint loop.",NOT SEPARATELY REPRINTED,Compiled Lean definition/type,e5c4e119473e0023b0f500e322b5ed1ac4013e00,paper/algebraic_sources/AlgebraicGoldbach/Soundness.lean,475253ba268b4ffb8e27e4918b1e5e78238ab6d20d2b3488c4c652530eeb7391,45,def goldbachCount (N : ℕ) : ℕ,False,ALG-LEAN-AlgebraicGoldbach.goldbachCount
AlgebraicGoldbach.Soundness,AlgebraicGoldbach.Certificate,def,"A supplied ordinary identity with family, Boolean and ordered-g summands.",NOT SEPARATELY REPRINTED,Compiled Lean definition/type,e5c4e119473e0023b0f500e322b5ed1ac4013e00,paper/algebraic_sources/AlgebraicGoldbach/Soundness.lean,475253ba268b4ffb8e27e4918b1e5e78238ab6d20d2b3488c4c652530eeb7391,48,def Certificate {N : ℕ} {K : Type*} [CommRing K] {ι : Type*} [Fintype ι] (F A : ι → R N K) (U : Fin (N + 1) → R N K) (B : R N K) : Prop,False,ALG-LEAN-AlgebraicGoldbach.Certificate
AlgebraicGoldbach.Soundness,AlgebraicGoldbach.booleanConstraint_eval,theorem,Evaluating a Boolean generator gives x_i^2-x_i.,Classical.choice;Quot.sound;propext,Compiled Lean,e5c4e119473e0023b0f500e322b5ed1ac4013e00,paper/algebraic_sources/AlgebraicGoldbach/Soundness.lean,475253ba268b4ffb8e27e4918b1e5e78238ab6d20d2b3488c4c652530eeb7391,52,theorem booleanConstraint_eval {N : ℕ} {K : Type*} [CommRing K] (x : Fin (N + 1) → K) (i : Fin (N + 1)) : eval x (booleanConstraint i) = x i ^ 2 - x i,False,ALG-LEAN-AlgebraicGoldbach.booleanConstraint_eval
AlgebraicGoldbach.Soundness,AlgebraicGoldbach.booleanConstraint_zero_iff,theorem,"Over a domain, a zero Boolean generator means x_i is zero or one.",Classical.choice;Quot.sound;propext,Compiled Lean,e5c4e119473e0023b0f500e322b5ed1ac4013e00,paper/algebraic_sources/AlgebraicGoldbach/Soundness.lean,475253ba268b4ffb8e27e4918b1e5e78238ab6d20d2b3488c4c652530eeb7391,57,theorem booleanConstraint_zero_iff {N : ℕ} {K : Type*} [CommRing K] [IsDomain K] (x : Fin (N + 1) → K) (i : Fin (N + 1)) : eval x (booleanConstraint i) = 0 ↔ x i = 0 ∨ x i = 1,False,ALG-LEAN-AlgebraicGoldbach.booleanConstraint_zero_iff
AlgebraicGoldbach.Soundness,AlgebraicGoldbach.primePoint_boolean,theorem,The prime indicator satisfies every Boolean generator.,Classical.choice;Quot.sound;propext,Compiled Lean,e5c4e119473e0023b0f500e322b5ed1ac4013e00,paper/algebraic_sources/AlgebraicGoldbach/Soundness.lean,475253ba268b4ffb8e27e4918b1e5e78238ab6d20d2b3488c4c652530eeb7391,72,theorem primePoint_boolean {N : ℕ} {K : Type*} [CommRing K] (i : Fin (N + 1)) : eval (primePoint N K) (booleanConstraint i) = 0,False,ALG-LEAN-AlgebraicGoldbach.primePoint_boolean
AlgebraicGoldbach.Soundness,AlgebraicGoldbach.primePoint_zero,theorem,The prime indicator is zero at coordinate zero.,Classical.choice;Quot.sound;propext,Compiled Lean,e5c4e119473e0023b0f500e322b5ed1ac4013e00,paper/algebraic_sources/AlgebraicGoldbach/Soundness.lean,475253ba268b4ffb8e27e4918b1e5e78238ab6d20d2b3488c4c652530eeb7391,76,theorem primePoint_zero {N : ℕ} {K : Type*} [CommSemiring K] (i : Fin (N + 1)) (h : i.val = 0) : primePoint N K i = 0,False,ALG-LEAN-AlgebraicGoldbach.primePoint_zero
AlgebraicGoldbach.Soundness,AlgebraicGoldbach.primePoint_one,theorem,The prime indicator is zero at coordinate one.,Classical.choice;Quot.sound;propext,Compiled Lean,e5c4e119473e0023b0f500e322b5ed1ac4013e00,paper/algebraic_sources/AlgebraicGoldbach/Soundness.lean,475253ba268b4ffb8e27e4918b1e5e78238ab6d20d2b3488c4c652530eeb7391,80,theorem primePoint_one {N : ℕ} {K : Type*} [CommSemiring K] (i : Fin (N + 1)) (h : i.val = 1) : primePoint N K i = 0,False,ALG-LEAN-AlgebraicGoldbach.primePoint_one
AlgebraicGoldbach.Soundness,AlgebraicGoldbach.primePoint_even_gt_two,theorem,Even coordinates greater than two vanish at the prime indicator.,Classical.choice;Quot.sound;propext,Compiled Lean,e5c4e119473e0023b0f500e322b5ed1ac4013e00,paper/algebraic_sources/AlgebraicGoldbach/Soundness.lean,475253ba268b4ffb8e27e4918b1e5e78238ab6d20d2b3488c4c652530eeb7391,84,theorem primePoint_even_gt_two {N : ℕ} {K : Type*} [CommSemiring K] (i : Fin (N + 1)) (he : Even i.val) (ht : 2 < i.val) : primePoint N K i = 0,False,ALG-LEAN-AlgebraicGoldbach.primePoint_even_gt_two
AlgebraicGoldbach.Soundness,AlgebraicGoldbach.primePoint_coarse,theorem,The prime indicator satisfies the declared coarse constraints.,Classical.choice;Quot.sound;propext,Compiled Lean,e5c4e119473e0023b0f500e322b5ed1ac4013e00,paper/algebraic_sources/AlgebraicGoldbach/Soundness.lean,475253ba268b4ffb8e27e4918b1e5e78238ab6d20d2b3488c4c652530eeb7391,93,theorem primePoint_coarse {N : ℕ} {K : Type*} [CommRing K] (i : Fin (N + 1)) : eval (primePoint N K) (coarseConstraint i) = 0,False,ALG-LEAN-AlgebraicGoldbach.primePoint_coarse
AlgebraicGoldbach.Soundness,AlgebraicGoldbach.certificate_excludes_common_zero,theorem,A supplied identity excludes a supplied common zero of all its generators.,Classical.choice;Quot.sound;propext,Compiled Lean,e5c4e119473e0023b0f500e322b5ed1ac4013e00,paper/algebraic_sources/AlgebraicGoldbach/Soundness.lean,475253ba268b4ffb8e27e4918b1e5e78238ab6d20d2b3488c4c652530eeb7391,104,"theorem certificate_excludes_common_zero {N : ℕ} {K : Type*} [CommRing K] [Nontrivial K] {ι : Type*} [Fintype ι] (F A : ι → R N K) (U : Fin (N + 1) → R N K) (B : R N K) (cert : Certificate F A U B) (x : Fin (N + 1) → K) (hF : ∀ j, eval x (F j) = 0) (hBool : ∀ i, eval x (booleanConstraint i) = 0) (hg : eval x (g N K) = 0) : False",False,ALG-LEAN-AlgebraicGoldbach.certificate_excludes_common_zero
AlgebraicGoldbach.Soundness,AlgebraicGoldbach.certificate_nonzero_at_primePoint,theorem,A supplied certificate and genuine constraint truth force g to be nonzero at the prime point.,Classical.choice;Quot.sound;propext,Compiled Lean,e5c4e119473e0023b0f500e322b5ed1ac4013e00,paper/algebraic_sources/AlgebraicGoldbach/Soundness.lean,475253ba268b4ffb8e27e4918b1e5e78238ab6d20d2b3488c4c652530eeb7391,115,"theorem certificate_nonzero_at_primePoint {N : ℕ} {K : Type*} [CommRing K] [Nontrivial K] {ι : Type*} [Fintype ι] (F A : ι → R N K) (U : Fin (N + 1) → R N K) (B : R N K) (cert : Certificate F A U B) (hF : ∀ j, eval (primePoint N K) (F j) = 0) : eval (primePoint N K) (g N K) ≠ 0",False,ALG-LEAN-AlgebraicGoldbach.certificate_nonzero_at_primePoint
AlgebraicGoldbach.Soundness,AlgebraicGoldbach.eval_g_primePoint,theorem,"Prime-point evaluation is the original ordered Goldbach count, including the midpoint loop.",Classical.choice;Quot.sound;propext,Compiled Lean,e5c4e119473e0023b0f500e322b5ed1ac4013e00,paper/algebraic_sources/AlgebraicGoldbach/Soundness.lean,475253ba268b4ffb8e27e4918b1e5e78238ab6d20d2b3488c4c652530eeb7391,125,theorem eval_g_primePoint {N : ℕ} {K : Type*} [CommSemiring K] : eval (primePoint N K) (g N K) = (goldbachCount N : K),False,ALG-LEAN-AlgebraicGoldbach.eval_g_primePoint
AlgebraicGoldbach.Soundness,AlgebraicGoldbach.goldbachCount_positive_iff,theorem,Positive ordered count is equivalent to existence of a prime pair summing to N.,Classical.choice;Quot.sound;propext,Compiled Lean,e5c4e119473e0023b0f500e322b5ed1ac4013e00,paper/algebraic_sources/AlgebraicGoldbach/Soundness.lean,475253ba268b4ffb8e27e4918b1e5e78238ab6d20d2b3488c4c652530eeb7391,130,"theorem goldbachCount_positive_iff (N : ℕ) : 0 < goldbachCount N ↔ ∃ p q : ℕ, p.Prime ∧ q.Prime ∧ p + q = N",False,ALG-LEAN-AlgebraicGoldbach.goldbachCount_positive_iff
AlgebraicGoldbach.Soundness,AlgebraicGoldbach.goldbachCount_le,theorem,The ordered count is at most N+1.,Classical.choice;Quot.sound;propext,Compiled Lean,e5c4e119473e0023b0f500e322b5ed1ac4013e00,paper/algebraic_sources/AlgebraicGoldbach/Soundness.lean,475253ba268b4ffb8e27e4918b1e5e78238ab6d20d2b3488c4c652530eeb7391,158,theorem goldbachCount_le (N : ℕ) : goldbachCount N ≤ N + 1,False,ALG-LEAN-AlgebraicGoldbach.goldbachCount_le
AlgebraicGoldbach.Soundness,AlgebraicGoldbach.certificate_goldbachCount_positive,theorem,A supplied certificate and prime-truth premises imply positive ordered count.,Classical.choice;Quot.sound;propext,Compiled Lean,e5c4e119473e0023b0f500e322b5ed1ac4013e00,paper/algebraic_sources/AlgebraicGoldbach/Soundness.lean,475253ba268b4ffb8e27e4918b1e5e78238ab6d20d2b3488c4c652530eeb7391,167,"theorem certificate_goldbachCount_positive {N : ℕ} {K : Type*} [CommRing K] [Nontrivial K] {ι : Type*} [Fintype ι] (F A : ι → R N K) (U : Fin (N + 1) → R N K) (B : R N K) (cert : Certificate F A U B) (hF : ∀ j, eval (primePoint N K) (F j) = 0) : 0 < goldbachCount N",False,ALG-LEAN-AlgebraicGoldbach.certificate_goldbachCount_positive
AlgebraicGoldbach.Soundness,AlgebraicGoldbach.certificate_implies_goldbach,theorem,A supplied certificate and prime-truth premises imply existence of the corresponding prime pair.,Classical.choice;Quot.sound;propext,Compiled Lean,e5c4e119473e0023b0f500e322b5ed1ac4013e00,paper/algebraic_sources/AlgebraicGoldbach/Soundness.lean,475253ba268b4ffb8e27e4918b1e5e78238ab6d20d2b3488c4c652530eeb7391,180,"theorem certificate_implies_goldbach {N : ℕ} {K : Type*} [CommRing K] [Nontrivial K] {ι : Type*} [Fintype ι] (F A : ι → R N K) (U : Fin (N + 1) → R N K) (B : R N K) (cert : Certificate F A U B) (hF : ∀ j, eval (primePoint N K) (F j) = 0) : ∃ p q : ℕ, p.Prime ∧ q.Prime ∧ p + q = N",False,ALG-LEAN-AlgebraicGoldbach.certificate_implies_goldbach
AlgebraicGoldbach.Soundness,AlgebraicGoldbach.eval_g_rat_nonzero_iff,theorem,Rational prime-point g is nonzero exactly when the ordered count is positive.,Classical.choice;Quot.sound;propext,Compiled Lean,e5c4e119473e0023b0f500e322b5ed1ac4013e00,paper/algebraic_sources/AlgebraicGoldbach/Soundness.lean,475253ba268b4ffb8e27e4918b1e5e78238ab6d20d2b3488c4c652530eeb7391,189,theorem eval_g_rat_nonzero_iff (N : ℕ) : eval (primePoint N ℚ) (g N ℚ) ≠ 0 ↔ 0 < goldbachCount N,False,ALG-LEAN-AlgebraicGoldbach.eval_g_rat_nonzero_iff
AlgebraicGoldbach.Soundness,AlgebraicGoldbach.certificate_g_rat_positive,theorem,The supplied rational certificate and prime-truth premises give positive prime-point g.,Classical.choice;Quot.sound;propext,Compiled Lean,e5c4e119473e0023b0f500e322b5ed1ac4013e00,paper/algebraic_sources/AlgebraicGoldbach/Soundness.lean,475253ba268b4ffb8e27e4918b1e5e78238ab6d20d2b3488c4c652530eeb7391,194,"theorem certificate_g_rat_positive {N : ℕ} {ι : Type*} [Fintype ι] (F A : ι → R N ℚ) (U : Fin (N + 1) → R N ℚ) (B : R N ℚ) (cert : Certificate F A U B) (hF : ∀ j, eval (primePoint N ℚ) (F j) = 0) : 0 < eval (primePoint N ℚ) (g N ℚ)",False,ALG-LEAN-AlgebraicGoldbach.certificate_g_rat_positive
AlgebraicGoldbach.Soundness,AlgebraicGoldbach.momentBound,def,Defines moment Bound in the declared module context; exact source is authoritative.,NOT SEPARATELY REPRINTED,Compiled Lean definition/type,e5c4e119473e0023b0f500e322b5ed1ac4013e00,paper/algebraic_sources/AlgebraicGoldbach/Soundness.lean,475253ba268b4ffb8e27e4918b1e5e78238ab6d20d2b3488c4c652530eeb7391,206,def momentBound (N k : ℕ) : ℕ,False,ALG-LEAN-AlgebraicGoldbach.momentBound
AlgebraicGoldbach.Soundness,AlgebraicGoldbach.FiniteFieldPolicy,def,Defines Finite Field Policy in the declared module context; exact source is authoritative.,NOT SEPARATELY REPRINTED,Compiled Lean definition/type,e5c4e119473e0023b0f500e322b5ed1ac4013e00,paper/algebraic_sources/AlgebraicGoldbach/Soundness.lean,475253ba268b4ffb8e27e4918b1e5e78238ab6d20d2b3488c4c652530eeb7391,208,def FiniteFieldPolicy (N k p : ℕ) : Prop,False,ALG-LEAN-AlgebraicGoldbach.FiniteFieldPolicy
AlgebraicGoldbach.Soundness,AlgebraicGoldbach.bounded_zmod_cast_injective,theorem,Reduction is injective on the explicitly bounded nonnegative integer interval.,Quot.sound;propext,Compiled Lean,e5c4e119473e0023b0f500e322b5ed1ac4013e00,paper/algebraic_sources/AlgebraicGoldbach/Soundness.lean,475253ba268b4ffb8e27e4918b1e5e78238ab6d20d2b3488c4c652530eeb7391,210,theorem bounded_zmod_cast_injective {p bound : ℕ} (hb : bound < p) {a b : ℕ} (ha : a ≤ bound) (hbb : b ≤ bound) : (a : ZMod p) = (b : ZMod p) ↔ a = b,False,ALG-LEAN-AlgebraicGoldbach.bounded_zmod_cast_injective
AlgebraicGoldbach.Soundness,AlgebraicGoldbach.bounded_zmod_cast_zero_iff,theorem,"Within the stated strict field bound, reduction preserves zero.",Quot.sound;propext,Compiled Lean,e5c4e119473e0023b0f500e322b5ed1ac4013e00,paper/algebraic_sources/AlgebraicGoldbach/Soundness.lean,475253ba268b4ffb8e27e4918b1e5e78238ab6d20d2b3488c4c652530eeb7391,221,theorem bounded_zmod_cast_zero_iff {p bound m : ℕ} (hb : bound < p) (hm : m ≤ bound) : (m : ZMod p) = 0 ↔ m = 0,False,ALG-LEAN-AlgebraicGoldbach.bounded_zmod_cast_zero_iff
AlgebraicGoldbach.Soundness,AlgebraicGoldbach.goldbachCount_le_momentBound,theorem,The ordered count obeys the declared integer moment bound.,Classical.choice;Quot.sound;propext,Compiled Lean,e5c4e119473e0023b0f500e322b5ed1ac4013e00,paper/algebraic_sources/AlgebraicGoldbach/Soundness.lean,475253ba268b4ffb8e27e4918b1e5e78238ab6d20d2b3488c4c652530eeb7391,225,theorem goldbachCount_le_momentBound (N k : ℕ) : goldbachCount N ≤ momentBound N k,False,ALG-LEAN-AlgebraicGoldbach.goldbachCount_le_momentBound
AlgebraicGoldbach.Soundness,AlgebraicGoldbach.bounded_sum_le_momentBound,theorem,A bounded nonnegative finite sum obeys the declared moment bound.,Classical.choice;Quot.sound;propext,Compiled Lean,e5c4e119473e0023b0f500e322b5ed1ac4013e00,paper/algebraic_sources/AlgebraicGoldbach/Soundness.lean,475253ba268b4ffb8e27e4918b1e5e78238ab6d20d2b3488c4c652530eeb7391,228,"theorem bounded_sum_le_momentBound {N k : ℕ} (f : Fin (N + 1) → ℕ) (hf : ∀ i, f i ≤ (N + 1) ^ k) : (∑ i, f i) ≤ momentBound N k",False,ALG-LEAN-AlgebraicGoldbach.bounded_sum_le_momentBound
AlgebraicGoldbach.Soundness,AlgebraicGoldbach.finiteFieldPolicy_g_nonzero_iff,theorem,The explicit field policy makes prime-point nonzero equivalent to positive integer count.,Classical.choice;Quot.sound;propext,Compiled Lean,e5c4e119473e0023b0f500e322b5ed1ac4013e00,paper/algebraic_sources/AlgebraicGoldbach/Soundness.lean,475253ba268b4ffb8e27e4918b1e5e78238ab6d20d2b3488c4c652530eeb7391,236,theorem finiteFieldPolicy_g_nonzero_iff {N k p : ℕ} (policy : FiniteFieldPolicy N k p) : eval (primePoint N (ZMod p)) (g N (ZMod p)) ≠ 0 ↔ 0 < goldbachCount N,False,ALG-LEAN-AlgebraicGoldbach.finiteFieldPolicy_g_nonzero_iff
AlgebraicGoldbach.Soundness,AlgebraicGoldbach.finiteFieldPolicy_g_zero_iff,theorem,The explicit field policy makes prime-point zero equivalent to zero integer count.,Classical.choice;Quot.sound;propext,Compiled Lean,e5c4e119473e0023b0f500e322b5ed1ac4013e00,paper/algebraic_sources/AlgebraicGoldbach/Soundness.lean,475253ba268b4ffb8e27e4918b1e5e78238ab6d20d2b3488c4c652530eeb7391,242,theorem finiteFieldPolicy_g_zero_iff {N k p : ℕ} (policy : FiniteFieldPolicy N k p) : eval (primePoint N (ZMod p)) (g N (ZMod p)) = 0 ↔ goldbachCount N = 0,False,ALG-LEAN-AlgebraicGoldbach.finiteFieldPolicy_g_zero_iff
AlgebraicGoldbach.UniformCountermodel,AlgebraicGoldbach.high,def,Defines high in the declared module context; exact source is authoritative.,NOT SEPARATELY REPRINTED,Compiled Lean definition/type,e5c4e119473e0023b0f500e322b5ed1ac4013e00,paper/algebraic_sources/AlgebraicGoldbach/UniformCountermodel.lean,45933bc9ca0f08ca4d29ce0d7373737e65ad5241a0b1fb17e874299d0ada22ff,9,def high (N : ℕ) : ℕ,False,ALG-LEAN-AlgebraicGoldbach.high
AlgebraicGoldbach.UniformCountermodel,AlgebraicGoldbach.selected,def,Defines selected in the declared module context; exact source is authoritative.,NOT SEPARATELY REPRINTED,Compiled Lean definition/type,e5c4e119473e0023b0f500e322b5ed1ac4013e00,paper/algebraic_sources/AlgebraicGoldbach/UniformCountermodel.lean,45933bc9ca0f08ca4d29ce0d7373737e65ad5241a0b1fb17e874299d0ada22ff,12,def selected (N n : ℕ) : Prop,False,ALG-LEAN-AlgebraicGoldbach.selected
AlgebraicGoldbach.UniformCountermodel,AlgebraicGoldbach.bit,def,Defines bit in the declared module context; exact source is authoritative.,NOT SEPARATELY REPRINTED,Compiled Lean definition/type,e5c4e119473e0023b0f500e322b5ed1ac4013e00,paper/algebraic_sources/AlgebraicGoldbach/UniformCountermodel.lean,45933bc9ca0f08ca4d29ce0d7373737e65ad5241a0b1fb17e874299d0ada22ff,17,def bit (N n : ℕ) : ℕ,False,ALG-LEAN-AlgebraicGoldbach.bit
AlgebraicGoldbach.UniformCountermodel,AlgebraicGoldbach.high_bounds,theorem,The selected upper endpoint lies between floor(N/2)+1 and floor(N/2)+2.,Classical.choice;Quot.sound;propext,Compiled Lean,e5c4e119473e0023b0f500e322b5ed1ac4013e00,paper/algebraic_sources/AlgebraicGoldbach/UniformCountermodel.lean,45933bc9ca0f08ca4d29ce0d7373737e65ad5241a0b1fb17e874299d0ada22ff,19,theorem high_bounds (N : ℕ) : N / 2 + 1 ≤ high N ∧ high N ≤ N / 2 + 2,False,ALG-LEAN-AlgebraicGoldbach.high_bounds
AlgebraicGoldbach.UniformCountermodel,AlgebraicGoldbach.high_odd,theorem,The selected upper endpoint is odd.,Quot.sound;propext,Compiled Lean,e5c4e119473e0023b0f500e322b5ed1ac4013e00,paper/algebraic_sources/AlgebraicGoldbach/UniformCountermodel.lean,45933bc9ca0f08ca4d29ce0d7373737e65ad5241a0b1fb17e874299d0ada22ff,23,theorem high_odd (N : ℕ) : high N % 2 = 1,False,ALG-LEAN-AlgebraicGoldbach.high_odd
AlgebraicGoldbach.UniformCountermodel,AlgebraicGoldbach.bit_boolean,theorem,The model's integer bit is idempotent.,propext,Compiled Lean,e5c4e119473e0023b0f500e322b5ed1ac4013e00,paper/algebraic_sources/AlgebraicGoldbach/UniformCountermodel.lean,45933bc9ca0f08ca4d29ce0d7373737e65ad5241a0b1fb17e874299d0ada22ff,28,theorem bit_boolean (N n : ℕ) : bit N n * bit N n = bit N n,False,ALG-LEAN-AlgebraicGoldbach.bit_boolean
AlgebraicGoldbach.UniformCountermodel,AlgebraicGoldbach.selected_coarse,theorem,For N>=24 the selected support satisfies the coarse exclusions.,Classical.choice;Quot.sound;propext,Compiled Lean,e5c4e119473e0023b0f500e322b5ed1ac4013e00,paper/algebraic_sources/AlgebraicGoldbach/UniformCountermodel.lean,45933bc9ca0f08ca4d29ce0d7373737e65ad5241a0b1fb17e874299d0ada22ff,32,"theorem selected_coarse (N : ℕ) (hN : 24 ≤ N) : ¬ selected N 0 ∧ ¬ selected N 1 ∧ ∀ n, 2 < n → n % 2 = 0 → ¬ selected N n",False,ALG-LEAN-AlgebraicGoldbach.selected_coarse
AlgebraicGoldbach.UniformCountermodel,AlgebraicGoldbach.selected_no_sum,theorem,For N>=24 two selected coordinates cannot sum to N.,Classical.choice;Quot.sound;propext,Compiled Lean,e5c4e119473e0023b0f500e322b5ed1ac4013e00,paper/algebraic_sources/AlgebraicGoldbach/UniformCountermodel.lean,45933bc9ca0f08ca4d29ce0d7373737e65ad5241a0b1fb17e874299d0ada22ff,45,theorem selected_no_sum (N : ℕ) (hN : 24 ≤ N) (n q : ℕ) (hn : selected N n) (hq : selected N q) : n + q ≠ N,False,ALG-LEAN-AlgebraicGoldbach.selected_no_sum
AlgebraicGoldbach.UniformCountermodel,AlgebraicGoldbach.selected_bertrand,theorem,For N>=24 each declared Bertrand interval contains a selected coordinate.,Classical.choice;Quot.sound;propext,Compiled Lean,e5c4e119473e0023b0f500e322b5ed1ac4013e00,paper/algebraic_sources/AlgebraicGoldbach/UniformCountermodel.lean,45933bc9ca0f08ca4d29ce0d7373737e65ad5241a0b1fb17e874299d0ada22ff,52,"theorem selected_bertrand (N : ℕ) (hN : 24 ≤ N) (m : ℕ) (hm : 1 ≤ m) (hmN : 2 * m ≤ N) : ∃ n, m < n ∧ n ≤ 2 * m ∧ selected N n",False,ALG-LEAN-AlgebraicGoldbach.selected_bertrand
AlgebraicGoldbach.UniformCountermodel,AlgebraicGoldbach.bit_goldbach_zero,theorem,For N>=24 the model's full ordered complementary-pair sum is zero.,Classical.choice;Quot.sound;propext,Compiled Lean,e5c4e119473e0023b0f500e322b5ed1ac4013e00,paper/algebraic_sources/AlgebraicGoldbach/UniformCountermodel.lean,45933bc9ca0f08ca4d29ce0d7373737e65ad5241a0b1fb17e874299d0ada22ff,70,"theorem bit_goldbach_zero (N : ℕ) (hN : 24 ≤ N) : (∑ n ∈ Finset.range (N + 1), bit N n * bit N (N - n)) = 0",False,ALG-LEAN-AlgebraicGoldbach.bit_goldbach_zero
AlgebraicGoldbach.UniformCountermodel,AlgebraicGoldbach.prime_indicator_bertrand,theorem,"Each declared interval contains a prime, by the imported Bertrand theorem.",Classical.choice;Quot.sound;propext,Compiled Lean,e5c4e119473e0023b0f500e322b5ed1ac4013e00,paper/algebraic_sources/AlgebraicGoldbach/UniformCountermodel.lean,45933bc9ca0f08ca4d29ce0d7373737e65ad5241a0b1fb17e874299d0ada22ff,83,"theorem prime_indicator_bertrand (N m : ℕ) (hm : 1 ≤ m) (hmN : 2 * m ≤ N) : ∃ p, p.Prime ∧ m < p ∧ p ≤ 2 * m ∧ p ≤ N",False,ALG-LEAN-AlgebraicGoldbach.prime_indicator_bertrand
AlgebraicGoldbach.UniformCountermodel,AlgebraicGoldbach.bit_bertrand_product,theorem,For N>=24 each interval product vanishes on the model.,Classical.choice;Quot.sound;propext,Compiled Lean,e5c4e119473e0023b0f500e322b5ed1ac4013e00,paper/algebraic_sources/AlgebraicGoldbach/UniformCountermodel.lean,45933bc9ca0f08ca4d29ce0d7373737e65ad5241a0b1fb17e874299d0ada22ff,88,theorem bit_bertrand_product (N : ℕ) (hN : 24 ≤ N) (m : ℕ) (hm : 1 ≤ m) (hmN : 2 * m ≤ N) : (Finset.prod (Finset.Icc (m + 1) (2 * m)) (fun n => (1 : ℚ) - (bit N n : ℚ))) = 0,False,ALG-LEAN-AlgebraicGoldbach.bit_bertrand_product
AlgebraicGoldbach.UniformCountermodel,AlgebraicGoldbach.primeBit,def,Defines prime Bit in the declared module context; exact source is authoritative.,NOT SEPARATELY REPRINTED,Compiled Lean definition/type,e5c4e119473e0023b0f500e322b5ed1ac4013e00,paper/algebraic_sources/AlgebraicGoldbach/UniformCountermodel.lean,45933bc9ca0f08ca4d29ce0d7373737e65ad5241a0b1fb17e874299d0ada22ff,95,def primeBit (n : ℕ) : ℕ,False,ALG-LEAN-AlgebraicGoldbach.primeBit
AlgebraicGoldbach.UniformCountermodel,AlgebraicGoldbach.prime_bit_boolean,theorem,The prime bit is idempotent.,Classical.choice;Quot.sound;propext,Compiled Lean,e5c4e119473e0023b0f500e322b5ed1ac4013e00,paper/algebraic_sources/AlgebraicGoldbach/UniformCountermodel.lean,45933bc9ca0f08ca4d29ce0d7373737e65ad5241a0b1fb17e874299d0ada22ff,97,theorem prime_bit_boolean (n : ℕ) : primeBit n * primeBit n = primeBit n,False,ALG-LEAN-AlgebraicGoldbach.prime_bit_boolean
AlgebraicGoldbach.UniformCountermodel,AlgebraicGoldbach.prime_bit_coarse,theorem,The prime bit satisfies the coarse exclusions.,Classical.choice;Quot.sound;propext,Compiled Lean,e5c4e119473e0023b0f500e322b5ed1ac4013e00,paper/algebraic_sources/AlgebraicGoldbach/UniformCountermodel.lean,45933bc9ca0f08ca4d29ce0d7373737e65ad5241a0b1fb17e874299d0ada22ff,101,"theorem prime_bit_coarse : primeBit 0 = 0 ∧ primeBit 1 = 0 ∧ ∀ n, 2 < n → n % 2 = 0 → primeBit n = 0",False,ALG-LEAN-AlgebraicGoldbach.prime_bit_coarse
AlgebraicGoldbach.UniformCountermodel,AlgebraicGoldbach.prime_bit_bertrand_product,theorem,Each declared interval product vanishes on the prime bit.,Classical.choice;Quot.sound;propext,Compiled Lean,e5c4e119473e0023b0f500e322b5ed1ac4013e00,paper/algebraic_sources/AlgebraicGoldbach/UniformCountermodel.lean,45933bc9ca0f08ca4d29ce0d7373737e65ad5241a0b1fb17e874299d0ada22ff,113,theorem prime_bit_bertrand_product (N m : ℕ) (hm : 1 ≤ m) (hmN : 2 * m ≤ N) : (Finset.prod (Finset.Icc (m + 1) (2 * m)) (fun n => (1 : ℚ) - (primeBit n : ℚ))) = 0,False,ALG-LEAN-AlgebraicGoldbach.prime_bit_bertrand_product
AlgebraicGoldbach.UniformCountermodel,AlgebraicGoldbach.bit_coarse,theorem,For N>=24 the model bit satisfies the coarse exclusions.,Classical.choice;Quot.sound;propext,Compiled Lean,e5c4e119473e0023b0f500e322b5ed1ac4013e00,paper/algebraic_sources/AlgebraicGoldbach/UniformCountermodel.lean,45933bc9ca0f08ca4d29ce0d7373737e65ad5241a0b1fb17e874299d0ada22ff,119,"theorem bit_coarse (N : ℕ) (hN : 24 ≤ N) : bit N 0 = 0 ∧ bit N 1 = 0 ∧ ∀ n, 2 < n → n % 2 = 0 → bit N n = 0",False,ALG-LEAN-AlgebraicGoldbach.bit_coarse
AlgebraicGoldbach.UniformCountermodel,AlgebraicGoldbach.uniform_bertrand_countermodel,theorem,"For every N>=24 the explicit bit model satisfies Booleanity, coarse constraints, intervals and g=0.",Classical.choice;Quot.sound;propext,Compiled Lean,e5c4e119473e0023b0f500e322b5ed1ac4013e00,paper/algebraic_sources/AlgebraicGoldbach/UniformCountermodel.lean,45933bc9ca0f08ca4d29ce0d7373737e65ad5241a0b1fb17e874299d0ada22ff,124,"theorem uniform_bertrand_countermodel (N : ℕ) (hN : 24 ≤ N) : (∀ n, bit N n * bit N n = bit N n) ∧ (bit N 0 = 0 ∧ bit N 1 = 0 ∧ ∀ n, 2 < n → n % 2 = 0 → bit N n = 0) ∧ (∀ m, 1 ≤ m → 2 * m ≤ N → (Finset.prod (Finset.Icc (m + 1) (2 * m)) (fun n => (1 : ℚ) - (bit N n : ℚ))) = 0) ∧ (∑ n ∈ Finset.range (N + 1), bit N n * bit N (N - n)) = 0",False,ALG-LEAN-AlgebraicGoldbach.uniform_bertrand_countermodel
AlgebraicGoldbach.UniformNonpinning,AlgebraicGoldbach.uniform_model_selects_composite_nine,theorem,For N>=24 the model selects nine whereas the prime indicator does not.,Classical.choice;Quot.sound;propext,Compiled Lean,e5c4e119473e0023b0f500e322b5ed1ac4013e00,paper/algebraic_sources/AlgebraicGoldbach/UniformNonpinning.lean,24f2b15fce2e9924264ef231963d0641e5c3027866e8399b7f4de10a33d75161,5,theorem uniform_model_selects_composite_nine (N : ℕ) (hN : 24 ≤ N) : bit N 9 = 1 ∧ primeBit 9 = 0,False,ALG-LEAN-AlgebraicGoldbach.uniform_model_selects_composite_nine
AlgebraicGoldbach.UniformNonpinning,AlgebraicGoldbach.uniform_model_differs_from_primes,theorem,For N>=24 the model is different from the prime indicator.,Classical.choice;Quot.sound;propext,Compiled Lean,e5c4e119473e0023b0f500e322b5ed1ac4013e00,paper/algebraic_sources/AlgebraicGoldbach/UniformNonpinning.lean,24f2b15fce2e9924264ef231963d0641e5c3027866e8399b7f4de10a33d75161,17,theorem uniform_model_differs_from_primes (N : ℕ) (hN : 24 ≤ N) : bit N ≠ primeBit,False,ALG-LEAN-AlgebraicGoldbach.uniform_model_differs_from_primes
Calibration.C1,AlgebraicGoldbach.Calibration.primes,def,Defines primes in the declared module context; exact source is authoritative.,NOT SEPARATELY REPRINTED,Compiled Lean definition/type,e5c4e119473e0023b0f500e322b5ed1ac4013e00,paper/algebraic_sources/Calibration/C1.lean,5175d9d689dc0f2ff35c73a4128966556cb9821951ab161a06cef8e43a603e63,16,def primes (N : ℕ) : Finset ℕ,False,ALG-LEAN-AlgebraicGoldbach.Calibration.primes
Calibration.C1,AlgebraicGoldbach.Calibration.pairRepresentatives,def,Defines pair Representatives in the declared module context; exact source is authoritative.,NOT SEPARATELY REPRINTED,Compiled Lean definition/type,e5c4e119473e0023b0f500e322b5ed1ac4013e00,paper/algebraic_sources/Calibration/C1.lean,5175d9d689dc0f2ff35c73a4128966556cb9821951ab161a06cef8e43a603e63,19,def pairRepresentatives (N : ℕ) : Finset ℕ,False,ALG-LEAN-AlgebraicGoldbach.Calibration.pairRepresentatives
Calibration.C1,AlgebraicGoldbach.Calibration.unorderedPrimePairs,def,Defines unordered Prime Pairs in the declared module context; exact source is authoritative.,NOT SEPARATELY REPRINTED,Compiled Lean definition/type,e5c4e119473e0023b0f500e322b5ed1ac4013e00,paper/algebraic_sources/Calibration/C1.lean,5175d9d689dc0f2ff35c73a4128966556cb9821951ab161a06cef8e43a603e63,23,def unorderedPrimePairs (N : ℕ) : Finset (Finset ℕ),False,ALG-LEAN-AlgebraicGoldbach.Calibration.unorderedPrimePairs
Calibration.C1,AlgebraicGoldbach.Calibration.pi,def,Defines pi in the declared module context; exact source is authoritative.,NOT SEPARATELY REPRINTED,Compiled Lean definition/type,e5c4e119473e0023b0f500e322b5ed1ac4013e00,paper/algebraic_sources/Calibration/C1.lean,5175d9d689dc0f2ff35c73a4128966556cb9821951ab161a06cef8e43a603e63,26,def pi (N : ℕ) : ℕ,False,ALG-LEAN-AlgebraicGoldbach.Calibration.pi
Calibration.C1,AlgebraicGoldbach.Calibration.r,def,Defines r in the declared module context; exact source is authoritative.,NOT SEPARATELY REPRINTED,Compiled Lean definition/type,e5c4e119473e0023b0f500e322b5ed1ac4013e00,paper/algebraic_sources/Calibration/C1.lean,5175d9d689dc0f2ff35c73a4128966556cb9821951ab161a06cef8e43a603e63,28,def r (N : ℕ) : ℕ,False,ALG-LEAN-AlgebraicGoldbach.Calibration.r
Calibration.C1,AlgebraicGoldbach.Calibration.Independent,def,Defines Independent in the declared module context; exact source is authoritative.,NOT SEPARATELY REPRINTED,Compiled Lean definition/type,e5c4e119473e0023b0f500e322b5ed1ac4013e00,paper/algebraic_sources/Calibration/C1.lean,5175d9d689dc0f2ff35c73a4128966556cb9821951ab161a06cef8e43a603e63,31,def Independent (N : ℕ) (S : Finset ℕ) : Prop,False,ALG-LEAN-AlgebraicGoldbach.Calibration.Independent
Calibration.C1,AlgebraicGoldbach.Calibration.upperEndpoints,def,Defines upper Endpoints in the declared module context; exact source is authoritative.,NOT SEPARATELY REPRINTED,Compiled Lean definition/type,e5c4e119473e0023b0f500e322b5ed1ac4013e00,paper/algebraic_sources/Calibration/C1.lean,5175d9d689dc0f2ff35c73a4128966556cb9821951ab161a06cef8e43a603e63,34,def upperEndpoints (N : ℕ) : Finset ℕ,False,ALG-LEAN-AlgebraicGoldbach.Calibration.upperEndpoints
Calibration.C1,AlgebraicGoldbach.Calibration.maximumSupport,def,Defines maximum Support in the declared module context; exact source is authoritative.,NOT SEPARATELY REPRINTED,Compiled Lean definition/type,e5c4e119473e0023b0f500e322b5ed1ac4013e00,paper/algebraic_sources/Calibration/C1.lean,5175d9d689dc0f2ff35c73a4128966556cb9821951ab161a06cef8e43a603e63,37,def maximumSupport (N : ℕ) : Finset ℕ,False,ALG-LEAN-AlgebraicGoldbach.Calibration.maximumSupport
Calibration.C1,AlgebraicGoldbach.Calibration.mem_primes,theorem,Prime-set membership has the declared prime-and-horizon characterization.,Classical.choice;Quot.sound;propext,Compiled Lean,e5c4e119473e0023b0f500e322b5ed1ac4013e00,paper/algebraic_sources/Calibration/C1.lean,5175d9d689dc0f2ff35c73a4128966556cb9821951ab161a06cef8e43a603e63,39,@[simp] theorem mem_primes {N p : ℕ} : p ∈ primes N ↔ p ≤ N ∧ Nat.Prime p,False,ALG-LEAN-AlgebraicGoldbach.Calibration.mem_primes
Calibration.C1,AlgebraicGoldbach.Calibration.mem_pairRepresentatives,theorem,"Pair-representative membership records the declared prime endpoints and ordering, including a loop.",Classical.choice;Quot.sound;propext,Compiled Lean,e5c4e119473e0023b0f500e322b5ed1ac4013e00,paper/algebraic_sources/Calibration/C1.lean,5175d9d689dc0f2ff35c73a4128966556cb9821951ab161a06cef8e43a603e63,42,@[simp] theorem mem_pairRepresentatives {N p : ℕ} : p ∈ pairRepresentatives N ↔ p ≤ N ∧ Nat.Prime p ∧ Nat.Prime (N - p) ∧ p ≤ N - p,False,ALG-LEAN-AlgebraicGoldbach.Calibration.mem_pairRepresentatives
Calibration.C1,AlgebraicGoldbach.Calibration.pair_sets_injective,theorem,Distinct ordered representatives give distinct unordered prime-pair sets.,Classical.choice;Quot.sound;propext,Compiled Lean,e5c4e119473e0023b0f500e322b5ed1ac4013e00,paper/algebraic_sources/Calibration/C1.lean,5175d9d689dc0f2ff35c73a4128966556cb9821951ab161a06cef8e43a603e63,52,"theorem pair_sets_injective (N : ℕ) : Set.InjOn (fun p => ({p, N - p} : Finset ℕ)) ↑(pairRepresentatives N)",False,ALG-LEAN-AlgebraicGoldbach.Calibration.pair_sets_injective
Calibration.C1,AlgebraicGoldbach.Calibration.mem_unorderedPrimePairs,theorem,"Unordered-pair membership is exactly a prime pair summing to N, including repeated endpoints.",Classical.choice;Quot.sound;propext,Compiled Lean,e5c4e119473e0023b0f500e322b5ed1ac4013e00,paper/algebraic_sources/Calibration/C1.lean,5175d9d689dc0f2ff35c73a4128966556cb9821951ab161a06cef8e43a603e63,71,"theorem mem_unorderedPrimePairs {N : ℕ} {E : Finset ℕ} : E ∈ unorderedPrimePairs N ↔ ∃ p q : ℕ, Nat.Prime p ∧ Nat.Prime q ∧ p + q = N ∧ E = {p, q}",False,ALG-LEAN-AlgebraicGoldbach.Calibration.mem_unorderedPrimePairs
Calibration.C1,AlgebraicGoldbach.Calibration.pi_eq_primeCounting,theorem,The declared prime-set count agrees with Mathlib primeCounting.,Classical.choice;Quot.sound;propext,Compiled Lean,e5c4e119473e0023b0f500e322b5ed1ac4013e00,paper/algebraic_sources/Calibration/C1.lean,5175d9d689dc0f2ff35c73a4128966556cb9821951ab161a06cef8e43a603e63,97,theorem pi_eq_primeCounting (N : ℕ) : pi N = N.primeCounting,False,ALG-LEAN-AlgebraicGoldbach.Calibration.pi_eq_primeCounting
Calibration.C1,AlgebraicGoldbach.Calibration.r_eq_card_representatives,theorem,The unordered pair count equals the representative count.,Classical.choice;Quot.sound;propext,Compiled Lean,e5c4e119473e0023b0f500e322b5ed1ac4013e00,paper/algebraic_sources/Calibration/C1.lean,5175d9d689dc0f2ff35c73a4128966556cb9821951ab161a06cef8e43a603e63,101,theorem r_eq_card_representatives (N : ℕ) : r N = (pairRepresentatives N).card,False,ALG-LEAN-AlgebraicGoldbach.Calibration.r_eq_card_representatives
Calibration.C1,AlgebraicGoldbach.Calibration.upperEndpoints_subset,theorem,The removed upper endpoints are prime coordinates.,Classical.choice;Quot.sound;propext,Compiled Lean,e5c4e119473e0023b0f500e322b5ed1ac4013e00,paper/algebraic_sources/Calibration/C1.lean,5175d9d689dc0f2ff35c73a4128966556cb9821951ab161a06cef8e43a603e63,104,theorem upperEndpoints_subset (N : ℕ) : upperEndpoints N ⊆ primes N,False,ALG-LEAN-AlgebraicGoldbach.Calibration.upperEndpoints_subset
Calibration.C1,AlgebraicGoldbach.Calibration.upperEndpoints_card,theorem,The removed upper-endpoint set has cardinality r(N).,Classical.choice;Quot.sound;propext,Compiled Lean,e5c4e119473e0023b0f500e322b5ed1ac4013e00,paper/algebraic_sources/Calibration/C1.lean,5175d9d689dc0f2ff35c73a4128966556cb9821951ab161a06cef8e43a603e63,110,theorem upperEndpoints_card (N : ℕ) : (upperEndpoints N).card = r N,False,ALG-LEAN-AlgebraicGoldbach.Calibration.upperEndpoints_card
Calibration.C1,AlgebraicGoldbach.Calibration.maximumSupport_card,theorem,The canonical maximum independent support has cardinality pi(N)-r(N).,Classical.choice;Quot.sound;propext,Compiled Lean,e5c4e119473e0023b0f500e322b5ed1ac4013e00,paper/algebraic_sources/Calibration/C1.lean,5175d9d689dc0f2ff35c73a4128966556cb9821951ab161a06cef8e43a603e63,119,theorem maximumSupport_card (N : ℕ) : (maximumSupport N).card = pi N - r N,False,ALG-LEAN-AlgebraicGoldbach.Calibration.maximumSupport_card
Calibration.C1,AlgebraicGoldbach.Calibration.maximumSupport_independent,theorem,The canonical maximum support is independent of complementary prime pairs.,Classical.choice;Quot.sound;propext,Compiled Lean,e5c4e119473e0023b0f500e322b5ed1ac4013e00,paper/algebraic_sources/Calibration/C1.lean,5175d9d689dc0f2ff35c73a4128966556cb9821951ab161a06cef8e43a603e63,122,theorem maximumSupport_independent (N : ℕ) : Independent N (maximumSupport N),False,ALG-LEAN-AlgebraicGoldbach.Calibration.maximumSupport_independent
Calibration.C1,AlgebraicGoldbach.Calibration.independent_card_le,theorem,Every declared independent prime support has at most pi(N)-r(N) elements.,Classical.choice;Quot.sound;propext,Compiled Lean,e5c4e119473e0023b0f500e322b5ed1ac4013e00,paper/algebraic_sources/Calibration/C1.lean,5175d9d689dc0f2ff35c73a4128966556cb9821951ab161a06cef8e43a603e63,143,theorem independent_card_le {N : ℕ} {S : Finset ℕ} (hS : Independent N S) : S.card ≤ pi N - r N,False,ALG-LEAN-AlgebraicGoldbach.Calibration.independent_card_le
Calibration.C1,AlgebraicGoldbach.Calibration.independent_exists_iff,theorem,An independent prime support of size m exists iff m<=pi(N)-r(N).,Classical.choice;Quot.sound;propext,Compiled Lean,e5c4e119473e0023b0f500e322b5ed1ac4013e00,paper/algebraic_sources/Calibration/C1.lean,5175d9d689dc0f2ff35c73a4128966556cb9821951ab161a06cef8e43a603e63,169,"theorem independent_exists_iff (N m : ℕ) : (∃ S : Finset ℕ, Independent N S ∧ S.card = m) ↔ m ≤ pi N - r N",False,ALG-LEAN-AlgebraicGoldbach.Calibration.independent_exists_iff
Calibration.C1,AlgebraicGoldbach.Calibration.g,def,The declared full ordered complementary-coordinate polynomial or its explicitly separate calibration evaluation.,NOT SEPARATELY REPRINTED,Compiled Lean definition/type,e5c4e119473e0023b0f500e322b5ed1ac4013e00,paper/algebraic_sources/Calibration/C1.lean,5175d9d689dc0f2ff35c73a4128966556cb9821951ab161a06cef8e43a603e63,186,def g (N : ℕ) (x : ℕ → ℚ) : ℚ,False,ALG-LEAN-AlgebraicGoldbach.Calibration.g
Calibration.C1,AlgebraicGoldbach.Calibration.D,def,Defines D in the declared module context; exact source is authoritative.,NOT SEPARATELY REPRINTED,Compiled Lean definition/type,e5c4e119473e0023b0f500e322b5ed1ac4013e00,paper/algebraic_sources/Calibration/C1.lean,5175d9d689dc0f2ff35c73a4128966556cb9821951ab161a06cef8e43a603e63,189,def D (N m : ℕ) (x : ℕ → ℚ) : Prop,False,ALG-LEAN-AlgebraicGoldbach.Calibration.D
Calibration.C1,AlgebraicGoldbach.Calibration.support,def,Defines support in the declared module context; exact source is authoritative.,NOT SEPARATELY REPRINTED,Compiled Lean definition/type,e5c4e119473e0023b0f500e322b5ed1ac4013e00,paper/algebraic_sources/Calibration/C1.lean,5175d9d689dc0f2ff35c73a4128966556cb9821951ab161a06cef8e43a603e63,194,def support (N : ℕ) (x : ℕ → ℚ) : Finset ℕ,False,ALG-LEAN-AlgebraicGoldbach.Calibration.support
Calibration.C1,AlgebraicGoldbach.Calibration.boolean_iff,theorem,A rational Boolean equation holds iff the value is zero or one.,Classical.choice;Quot.sound;propext,Compiled Lean,e5c4e119473e0023b0f500e322b5ed1ac4013e00,paper/algebraic_sources/Calibration/C1.lean,5175d9d689dc0f2ff35c73a4128966556cb9821951ab161a06cef8e43a603e63,197,theorem boolean_iff (a : ℚ) : a ^ 2 - a = 0 ↔ a = 0 ∨ a = 1,False,ALG-LEAN-AlgebraicGoldbach.Calibration.boolean_iff
Calibration.C1,AlgebraicGoldbach.Calibration.mem_support,theorem,Support membership has the declared horizon-and-value-one characterization.,Classical.choice;Quot.sound;propext,Compiled Lean,e5c4e119473e0023b0f500e322b5ed1ac4013e00,paper/algebraic_sources/Calibration/C1.lean,5175d9d689dc0f2ff35c73a4128966556cb9821951ab161a06cef8e43a603e63,200,@[simp] theorem mem_support {N p : ℕ} {x : ℕ → ℚ} : p ∈ support N x ↔ p ≤ N ∧ x p = 1,False,ALG-LEAN-AlgebraicGoldbach.Calibration.mem_support
Calibration.C1,AlgebraicGoldbach.Calibration.support_subset_primes,theorem,Nonprime-zero hypotheses make the rational support a subset of the prime set.,Classical.choice;Quot.sound;propext,Compiled Lean,e5c4e119473e0023b0f500e322b5ed1ac4013e00,paper/algebraic_sources/Calibration/C1.lean,5175d9d689dc0f2ff35c73a4128966556cb9821951ab161a06cef8e43a603e63,204,"theorem support_subset_primes {N : ℕ} {x : ℕ → ℚ} (hz : ∀ p ≤ N, ¬ Nat.Prime p → x p = 0) : support N x ⊆ primes N",False,ALG-LEAN-AlgebraicGoldbach.Calibration.support_subset_primes
Calibration.C1,AlgebraicGoldbach.Calibration.sum_eq_support_card,theorem,Booleanity makes the rational coordinate sum equal to support cardinality.,Classical.choice;Quot.sound;propext,Compiled Lean,e5c4e119473e0023b0f500e322b5ed1ac4013e00,paper/algebraic_sources/Calibration/C1.lean,5175d9d689dc0f2ff35c73a4128966556cb9821951ab161a06cef8e43a603e63,214,"theorem sum_eq_support_card {N : ℕ} {x : ℕ → ℚ} (hb : ∀ p ≤ N, x p ^ 2 - x p = 0) : (∑ p ∈ range (N + 1), x p) = ((support N x).card : ℚ)",False,ALG-LEAN-AlgebraicGoldbach.Calibration.sum_eq_support_card
Calibration.C1,AlgebraicGoldbach.Calibration.g_zero_iff_independent,theorem,"Under Booleanity and nonprime zeros, g=0 is equivalent to independent prime support.",Classical.choice;Quot.sound;propext,Compiled Lean,e5c4e119473e0023b0f500e322b5ed1ac4013e00,paper/algebraic_sources/Calibration/C1.lean,5175d9d689dc0f2ff35c73a4128966556cb9821951ab161a06cef8e43a603e63,225,"theorem g_zero_iff_independent {N : ℕ} {x : ℕ → ℚ} (hb : ∀ p ≤ N, x p ^ 2 - x p = 0) (hz : ∀ p ≤ N, ¬ Nat.Prime p → x p = 0) : g N x = 0 ↔ Independent N (support N x)",False,ALG-LEAN-AlgebraicGoldbach.Calibration.g_zero_iff_independent
Calibration.C1,AlgebraicGoldbach.Calibration.characteristic,def,Defines characteristic in the declared module context; exact source is authoritative.,NOT SEPARATELY REPRINTED,Compiled Lean definition/type,e5c4e119473e0023b0f500e322b5ed1ac4013e00,paper/algebraic_sources/Calibration/C1.lean,5175d9d689dc0f2ff35c73a4128966556cb9821951ab161a06cef8e43a603e63,260,def characteristic (S : Finset ℕ) (p : ℕ) : ℚ,False,ALG-LEAN-AlgebraicGoldbach.Calibration.characteristic
Calibration.C1,AlgebraicGoldbach.Calibration.characteristic_boolean,theorem,A finite-set characteristic function is Boolean.,Classical.choice;Quot.sound;propext,Compiled Lean,e5c4e119473e0023b0f500e322b5ed1ac4013e00,paper/algebraic_sources/Calibration/C1.lean,5175d9d689dc0f2ff35c73a4128966556cb9821951ab161a06cef8e43a603e63,262,theorem characteristic_boolean (S : Finset ℕ) (p : ℕ) : characteristic S p ^ 2 - characteristic S p = 0,False,ALG-LEAN-AlgebraicGoldbach.Calibration.characteristic_boolean
Calibration.C1,AlgebraicGoldbach.Calibration.support_characteristic,theorem,A prime-supported set is recovered as the support of its characteristic function.,Classical.choice;Quot.sound;propext,Compiled Lean,e5c4e119473e0023b0f500e322b5ed1ac4013e00,paper/algebraic_sources/Calibration/C1.lean,5175d9d689dc0f2ff35c73a4128966556cb9821951ab161a06cef8e43a603e63,267,theorem support_characteristic {N : ℕ} {S : Finset ℕ} (hS : S ⊆ primes N) : support N (characteristic S) = S,False,ALG-LEAN-AlgebraicGoldbach.Calibration.support_characteristic
Calibration.C1,AlgebraicGoldbach.Calibration.C1,theorem,"For natural m, a full D_m pseudo-model exists iff m<=pi(N)-r(N), including loop pairs.",Classical.choice;Quot.sound;propext,Compiled Lean,e5c4e119473e0023b0f500e322b5ed1ac4013e00,paper/algebraic_sources/Calibration/C1.lean,5175d9d689dc0f2ff35c73a4128966556cb9821951ab161a06cef8e43a603e63,276,"theorem C1 (N m : ℕ) : (∃ x : ℕ → ℚ, D N m x ∧ g N x = 0) ↔ m ≤ pi N - r N",False,ALG-LEAN-AlgebraicGoldbach.Calibration.C1
Calibration.C1,AlgebraicGoldbach.Calibration.C1_primeCounting,theorem,The same exact D_m threshold is expressed with Mathlib primeCounting.,Classical.choice;Quot.sound;propext,Compiled Lean,e5c4e119473e0023b0f500e322b5ed1ac4013e00,paper/algebraic_sources/Calibration/C1.lean,5175d9d689dc0f2ff35c73a4128966556cb9821951ab161a06cef8e43a603e63,305,"theorem C1_primeCounting (N m : ℕ) : (∃ x : ℕ → ℚ, D N m x ∧ g N x = 0) ↔ m ≤ N.primeCounting - r N",False,ALG-LEAN-AlgebraicGoldbach.Calibration.C1_primeCounting
Calibration.C1,AlgebraicGoldbach.Calibration.r_le_pi,theorem,The unordered pair count is at most the prime count.,Classical.choice;Quot.sound;propext,Compiled Lean,e5c4e119473e0023b0f500e322b5ed1ac4013e00,paper/algebraic_sources/Calibration/C1.lean,5175d9d689dc0f2ff35c73a4128966556cb9821951ab161a06cef8e43a603e63,309,theorem r_le_pi (N : ℕ) : r N ≤ pi N,False,ALG-LEAN-AlgebraicGoldbach.Calibration.r_le_pi
Calibration.C1,AlgebraicGoldbach.Calibration.no_pseudo_solution_at_full_count_iff,theorem,Absence of a full-count pseudo-model is equivalent to a positive unordered representation count.,Classical.choice;Quot.sound;propext,Compiled Lean,e5c4e119473e0023b0f500e322b5ed1ac4013e00,paper/algebraic_sources/Calibration/C1.lean,5175d9d689dc0f2ff35c73a4128966556cb9821951ab161a06cef8e43a603e63,314,"theorem no_pseudo_solution_at_full_count_iff (N : ℕ) : (¬ ∃ x : ℕ → ℚ, D N (pi N) x ∧ g N x = 0) ↔ 1 ≤ r N",False,ALG-LEAN-AlgebraicGoldbach.Calibration.no_pseudo_solution_at_full_count_iff
Calibration.C1,AlgebraicGoldbach.Calibration.r_positive_iff,theorem,Positive unordered representation count is equivalent to a prime pair summing to N.,Classical.choice;Quot.sound;propext,Compiled Lean,e5c4e119473e0023b0f500e322b5ed1ac4013e00,paper/algebraic_sources/Calibration/C1.lean,5175d9d689dc0f2ff35c73a4128966556cb9821951ab161a06cef8e43a603e63,321,"theorem r_positive_iff (N : ℕ) : 1 ≤ r N ↔ ∃ p q : ℕ, Nat.Prime p ∧ Nat.Prime q ∧ p + q = N",False,ALG-LEAN-AlgebraicGoldbach.Calibration.r_positive_iff
Calibration.C1,AlgebraicGoldbach.Calibration.D_true_prime_indicator,theorem,The true prime indicator satisfies D at the full prime count.,Classical.choice;Quot.sound;propext,Compiled Lean,e5c4e119473e0023b0f500e322b5ed1ac4013e00,paper/algebraic_sources/Calibration/C1.lean,5175d9d689dc0f2ff35c73a4128966556cb9821951ab161a06cef8e43a603e63,332,theorem D_true_prime_indicator (N : ℕ) : D N (pi N) (fun p => if Nat.Prime p then 1 else 0),False,ALG-LEAN-AlgebraicGoldbach.Calibration.D_true_prime_indicator
Calibration.C1,AlgebraicGoldbach.Calibration.D_full_count_pins,theorem,Every full-count D model agrees with the prime indicator within the horizon.,Classical.choice;Quot.sound;propext,Compiled Lean,e5c4e119473e0023b0f500e322b5ed1ac4013e00,paper/algebraic_sources/Calibration/C1.lean,5175d9d689dc0f2ff35c73a4128966556cb9821951ab161a06cef8e43a603e63,349,"theorem D_full_count_pins {N : ℕ} {x : ℕ → ℚ} (hx : D N (pi N) x) : ∀ p ≤ N, x p = if Nat.Prime p then 1 else 0",False,ALG-LEAN-AlgebraicGoldbach.Calibration.D_full_count_pins
Calibration.Growth,AlgebraicGoldbach.Calibration.representatives_subset_maximumSupport_insert,theorem,All pair representatives lie in the maximum support plus the possible midpoint.,Classical.choice;Quot.sound;propext,Compiled Lean,e5c4e119473e0023b0f500e322b5ed1ac4013e00,paper/algebraic_sources/Calibration/Growth.lean,1d42013dd9a2faf96e2d4d9c9589225a8e21957902b033c18828044be35e8a97,5,theorem representatives_subset_maximumSupport_insert (N : ℕ) : pairRepresentatives N ⊆ insert (N / 2) (maximumSupport N),False,ALG-LEAN-AlgebraicGoldbach.Calibration.representatives_subset_maximumSupport_insert
Calibration.Growth,AlgebraicGoldbach.Calibration.pair_count_le_independence_plus_one,theorem,The representation count is at most the independence count plus one.,Classical.choice;Quot.sound;propext,Compiled Lean,e5c4e119473e0023b0f500e322b5ed1ac4013e00,paper/algebraic_sources/Calibration/Growth.lean,1d42013dd9a2faf96e2d4d9c9589225a8e21957902b033c18828044be35e8a97,20,theorem pair_count_le_independence_plus_one (N : ℕ) : r N ≤ pi N - r N + 1,False,ALG-LEAN-AlgebraicGoldbach.Calibration.pair_count_le_independence_plus_one
Calibration.Growth,AlgebraicGoldbach.Calibration.independence_ge_half_prime_count,theorem,"The independence count is at least half the prime count, with natural rounding.",Classical.choice;Quot.sound;propext,Compiled Lean,e5c4e119473e0023b0f500e322b5ed1ac4013e00,paper/algebraic_sources/Calibration/Growth.lean,1d42013dd9a2faf96e2d4d9c9589225a8e21957902b033c18828044be35e8a97,30,theorem independence_ge_half_prime_count (N : ℕ) : pi N / 2 ≤ pi N - r N,False,ALG-LEAN-AlgebraicGoldbach.Calibration.independence_ge_half_prime_count
Calibration.Growth,AlgebraicGoldbach.Calibration.independence_unbounded_on_even,theorem,The independence count is unbounded along even N>=4.,Classical.choice;Quot.sound;propext,Compiled Lean,e5c4e119473e0023b0f500e322b5ed1ac4013e00,paper/algebraic_sources/Calibration/Growth.lean,1d42013dd9a2faf96e2d4d9c9589225a8e21957902b033c18828044be35e8a97,39,"theorem independence_unbounded_on_even : ∀ d : ℕ, ∃ N : ℕ, Even N ∧ 4 ≤ N ∧ d ≤ pi N - r N",False,ALG-LEAN-AlgebraicGoldbach.Calibration.independence_unbounded_on_even
Calibration.Growth,AlgebraicGoldbach.Calibration.Dpi_standard_degree_unbounded_on_even,theorem,Necessary count-summand degree for supplied full-count certificates is unbounded along even N>=4.,Classical.choice;Quot.sound;propext,Compiled Lean,e5c4e119473e0023b0f500e322b5ed1ac4013e00,paper/algebraic_sources/Calibration/Growth.lean,1d42013dd9a2faf96e2d4d9c9589225a8e21957902b033c18828044be35e8a97,53,"theorem Dpi_standard_degree_unbounded_on_even : ∀ d : ℕ, ∃ N : ℕ, Even N ∧ 4 ≤ N ∧ ∀ (A B : R N ℚ) (U C : Fin (N + 1) → R N ℚ), LowerBound.Restriction.DpiCertificate N A B U C → d < (A * LowerBound.Restriction.countConstraint N).totalDegree",False,ALG-LEAN-AlgebraicGoldbach.Calibration.Dpi_standard_degree_unbounded_on_even
Calibration.LowerBound,AlgebraicGoldbach.LowerBound.falling,def,Defines falling in the declared module context; exact source is authoritative.,NOT SEPARATELY REPRINTED,Compiled Lean definition/type,e5c4e119473e0023b0f500e322b5ed1ac4013e00,paper/algebraic_sources/Calibration/LowerBound.lean,348304b6027de83f8ee694e2bddec6faf0e6416f5b681a992bff498a85342302,17,def falling (t n k : ℕ) : ℚ,False,ALG-LEAN-AlgebraicGoldbach.LowerBound.falling
Calibration.LowerBound,AlgebraicGoldbach.LowerBound.falling_ne_zero,lemma,The rational falling product is nonzero under its explicit natural-index bound.,Classical.choice;Quot.sound;propext,Compiled Lean,e5c4e119473e0023b0f500e322b5ed1ac4013e00,paper/algebraic_sources/Calibration/LowerBound.lean,348304b6027de83f8ee694e2bddec6faf0e6416f5b681a992bff498a85342302,19,lemma falling_ne_zero {t n k : ℕ} (h : n + k ≤ t) : falling t n k ≠ 0,False,ALG-LEAN-AlgebraicGoldbach.LowerBound.falling_ne_zero
Calibration.LowerBound,AlgebraicGoldbach.LowerBound.falling_back,lemma,The falling product satisfies its back recurrence.,Classical.choice;Quot.sound;propext,Compiled Lean,e5c4e119473e0023b0f500e322b5ed1ac4013e00,paper/algebraic_sources/Calibration/LowerBound.lean,348304b6027de83f8ee694e2bddec6faf0e6416f5b681a992bff498a85342302,27,lemma falling_back (t n k : ℕ) : falling t n (k + 1) = falling t n k * ((t : ℚ) - (n + k : ℕ)),False,ALG-LEAN-AlgebraicGoldbach.LowerBound.falling_back
Calibration.LowerBound,AlgebraicGoldbach.LowerBound.falling_front,lemma,The falling product satisfies its front recurrence.,Classical.choice;Quot.sound;propext,Compiled Lean,e5c4e119473e0023b0f500e322b5ed1ac4013e00,paper/algebraic_sources/Calibration/LowerBound.lean,348304b6027de83f8ee694e2bddec6faf0e6416f5b681a992bff498a85342302,31,lemma falling_front (t n k : ℕ) : falling t n (k + 1) = ((t : ℚ) - n) * falling t (n + 1) k,False,ALG-LEAN-AlgebraicGoldbach.LowerBound.falling_front
Calibration.LowerBound,AlgebraicGoldbach.LowerBound.inverse_count_fwdDiff,theorem,The reciprocal-count forward difference has the stated factorial/falling-product formula.,Classical.choice;Quot.sound;propext,Compiled Lean,e5c4e119473e0023b0f500e322b5ed1ac4013e00,paper/algebraic_sources/Calibration/LowerBound.lean,348304b6027de83f8ee694e2bddec6faf0e6416f5b681a992bff498a85342302,46,theorem inverse_count_fwdDiff (t k n : ℕ) (h : n + k < t) : (fwdDiff (1 : ℕ))^[k] (fun s : ℕ => 1 / ((s : ℚ) - t)) n = - (k.factorial : ℚ) / falling t n (k + 1),False,ALG-LEAN-AlgebraicGoldbach.LowerBound.inverse_count_fwdDiff
Calibration.LowerBound,AlgebraicGoldbach.LowerBound.inverse_count_fwdDiff_ne_zero,theorem,The reciprocal-count forward difference is nonzero under its strict index bound.,Classical.choice;Quot.sound;propext,Compiled Lean,e5c4e119473e0023b0f500e322b5ed1ac4013e00,paper/algebraic_sources/Calibration/LowerBound.lean,348304b6027de83f8ee694e2bddec6faf0e6416f5b681a992bff498a85342302,83,theorem inverse_count_fwdDiff_ne_zero (t k : ℕ) (h : k < t) : (fwdDiff (1 : ℕ))^[k] (fun s : ℕ => 1 / ((s : ℚ) - t)) 0 ≠ 0,False,ALG-LEAN-AlgebraicGoldbach.LowerBound.inverse_count_fwdDiff_ne_zero
Calibration.LowerBound,AlgebraicGoldbach.LowerBound.boolValue,def,Defines bool Value in the declared module context; exact source is authoritative.,NOT SEPARATELY REPRINTED,Compiled Lean definition/type,e5c4e119473e0023b0f500e322b5ed1ac4013e00,paper/algebraic_sources/Calibration/LowerBound.lean,348304b6027de83f8ee694e2bddec6faf0e6416f5b681a992bff498a85342302,100,def boolValue (b : Bool) : ℚ,False,ALG-LEAN-AlgebraicGoldbach.LowerBound.boolValue
Calibration.LowerBound,AlgebraicGoldbach.LowerBound.cubeWeight,def,Defines cube Weight in the declared module context; exact source is authoritative.,NOT SEPARATELY REPRINTED,Compiled Lean definition/type,e5c4e119473e0023b0f500e322b5ed1ac4013e00,paper/algebraic_sources/Calibration/LowerBound.lean,348304b6027de83f8ee694e2bddec6faf0e6416f5b681a992bff498a85342302,102,def cubeWeight (b : σ → Bool) : ℚ,False,ALG-LEAN-AlgebraicGoldbach.LowerBound.cubeWeight
Calibration.LowerBound,AlgebraicGoldbach.LowerBound.cubeContrast,def,Defines cube Contrast in the declared module context; exact source is authoritative.,NOT SEPARATELY REPRINTED,Compiled Lean definition/type,e5c4e119473e0023b0f500e322b5ed1ac4013e00,paper/algebraic_sources/Calibration/LowerBound.lean,348304b6027de83f8ee694e2bddec6faf0e6416f5b681a992bff498a85342302,104,def cubeContrast (f : (σ → ℚ) → ℚ) : ℚ,False,ALG-LEAN-AlgebraicGoldbach.LowerBound.cubeContrast
Calibration.LowerBound,AlgebraicGoldbach.LowerBound.cubeContrast_monomial_zero,lemma,An exponent missing a variable has zero alternating cube contrast.,Classical.choice;Quot.sound;propext,Compiled Lean,e5c4e119473e0023b0f500e322b5ed1ac4013e00,paper/algebraic_sources/Calibration/LowerBound.lean,348304b6027de83f8ee694e2bddec6faf0e6416f5b681a992bff498a85342302,107,"lemma cubeContrast_monomial_zero (d : σ →₀ ℕ) (c : ℚ) (hd : ∃ i, d i = 0) : cubeContrast (fun x => MvPolynomial.eval x (MvPolynomial.monomial d c)) = 0",False,ALG-LEAN-AlgebraicGoldbach.LowerBound.cubeContrast_monomial_zero
Calibration.LowerBound,AlgebraicGoldbach.LowerBound.cubeContrast_eval_zero_of_totalDegree_lt,theorem,Ordinary degree below the variable count gives zero alternating cube contrast.,Classical.choice;Quot.sound;propext,Compiled Lean,e5c4e119473e0023b0f500e322b5ed1ac4013e00,paper/algebraic_sources/Calibration/LowerBound.lean,348304b6027de83f8ee694e2bddec6faf0e6416f5b681a992bff498a85342302,131,theorem cubeContrast_eval_zero_of_totalDegree_lt (A : MvPolynomial σ ℚ) (hA : A.totalDegree < Fintype.card σ) : cubeContrast (fun x => MvPolynomial.eval x A) = 0,False,ALG-LEAN-AlgebraicGoldbach.LowerBound.cubeContrast_eval_zero_of_totalDegree_lt
Calibration.LowerBound,AlgebraicGoldbach.LowerBound.indicatorBool,def,Defines indicator Bool in the declared module context; exact source is authoritative.,NOT SEPARATELY REPRINTED,Compiled Lean definition/type,e5c4e119473e0023b0f500e322b5ed1ac4013e00,paper/algebraic_sources/Calibration/LowerBound.lean,348304b6027de83f8ee694e2bddec6faf0e6416f5b681a992bff498a85342302,151,def indicatorBool (S : Finset σ) (i : σ) : Bool,False,ALG-LEAN-AlgebraicGoldbach.LowerBound.indicatorBool
Calibration.LowerBound,AlgebraicGoldbach.LowerBound.cubeEquiv,def,Defines cube Equiv in the declared module context; exact source is authoritative.,NOT SEPARATELY REPRINTED,Compiled Lean definition/type,e5c4e119473e0023b0f500e322b5ed1ac4013e00,paper/algebraic_sources/Calibration/LowerBound.lean,348304b6027de83f8ee694e2bddec6faf0e6416f5b681a992bff498a85342302,153,def cubeEquiv : Finset σ ≃ (σ → Bool),False,ALG-LEAN-AlgebraicGoldbach.LowerBound.cubeEquiv
Calibration.LowerBound,AlgebraicGoldbach.LowerBound.cubeWeight_indicator,lemma,The indicator cube weight is the stated alternating cardinality sign.,Classical.choice;Quot.sound;propext,Compiled Lean,e5c4e119473e0023b0f500e322b5ed1ac4013e00,paper/algebraic_sources/Calibration/LowerBound.lean,348304b6027de83f8ee694e2bddec6faf0e6416f5b681a992bff498a85342302,165,lemma cubeWeight_indicator (S : Finset σ) : cubeWeight (indicatorBool S) = (-1 : ℚ) ^ (Fintype.card σ - S.card),False,ALG-LEAN-AlgebraicGoldbach.LowerBound.cubeWeight_indicator
Calibration.LowerBound,AlgebraicGoldbach.LowerBound.boolValue_indicator_sum,lemma,The rational sum of an indicator equals its support cardinality.,Classical.choice;Quot.sound;propext,Compiled Lean,e5c4e119473e0023b0f500e322b5ed1ac4013e00,paper/algebraic_sources/Calibration/LowerBound.lean,348304b6027de83f8ee694e2bddec6faf0e6416f5b681a992bff498a85342302,175,"lemma boolValue_indicator_sum (S : Finset σ) : (∑ i, boolValue (indicatorBool S i)) = (S.card : ℚ)",False,ALG-LEAN-AlgebraicGoldbach.LowerBound.boolValue_indicator_sum
Calibration.LowerBound,AlgebraicGoldbach.LowerBound.cubeContrast_cardinality,theorem,The cardinality-weighted cube sum equals the corresponding forward difference.,Classical.choice;Quot.sound;propext,Compiled Lean,e5c4e119473e0023b0f500e322b5ed1ac4013e00,paper/algebraic_sources/Calibration/LowerBound.lean,348304b6027de83f8ee694e2bddec6faf0e6416f5b681a992bff498a85342302,180,"theorem cubeContrast_cardinality (f : ℕ → ℚ) : (∑ b : σ → Bool, cubeWeight b * f (univ.filter (fun i => b i = true)).card) = (fwdDiff (1 : ℕ))^[Fintype.card σ] f 0",False,ALG-LEAN-AlgebraicGoldbach.LowerBound.cubeContrast_cardinality
Calibration.LowerBound,AlgebraicGoldbach.LowerBound.inverse_count_cubeContrast,theorem,The reciprocal count's cube contrast is its highest forward difference.,Classical.choice;Quot.sound;propext,Compiled Lean,e5c4e119473e0023b0f500e322b5ed1ac4013e00,paper/algebraic_sources/Calibration/LowerBound.lean,348304b6027de83f8ee694e2bddec6faf0e6416f5b681a992bff498a85342302,206,"theorem inverse_count_cubeContrast (t : ℕ) : cubeContrast (fun x : σ → ℚ => 1 / ((∑ i, x i) - t)) = (fwdDiff (1 : ℕ))^[Fintype.card σ] (fun s : ℕ => 1 / ((s : ℚ) - t)) 0",False,ALG-LEAN-AlgebraicGoldbach.LowerBound.inverse_count_cubeContrast
Calibration.LowerBound,AlgebraicGoldbach.LowerBound.boolean_inverse_totalDegree_ge,theorem,A supplied Boolean-cube inverse of count minus t has degree at least the variable count when t exceeds it.,Classical.choice;Quot.sound;propext,Compiled Lean,e5c4e119473e0023b0f500e322b5ed1ac4013e00,paper/algebraic_sources/Calibration/LowerBound.lean,348304b6027de83f8ee694e2bddec6faf0e6416f5b681a992bff498a85342302,221,"theorem boolean_inverse_totalDegree_ge (A : MvPolynomial σ ℚ) (t : ℕ) (ht : Fintype.card σ < t) (hA : ∀ b : σ → Bool, MvPolynomial.eval (fun i => boolValue (b i)) A * ((∑ i, boolValue (b i)) - t) = 1) : Fintype.card σ ≤ A.totalDegree",False,ALG-LEAN-AlgebraicGoldbach.LowerBound.boolean_inverse_totalDegree_ge
Calibration.LowerBound,AlgebraicGoldbach.LowerBound.totalDegree_substitution_le,theorem,Substitution by degree-at-most-one polynomials does not increase ordinary total degree.,Classical.choice;Quot.sound;propext,Compiled Lean,e5c4e119473e0023b0f500e322b5ed1ac4013e00,paper/algebraic_sources/Calibration/LowerBound.lean,348304b6027de83f8ee694e2bddec6faf0e6416f5b681a992bff498a85342302,250,"theorem totalDegree_substitution_le {σ τ : Type*} (A : MvPolynomial σ ℚ) (v : σ → MvPolynomial τ ℚ) (hv : ∀ i, (v i).totalDegree ≤ 1) : (MvPolynomial.eval₂ MvPolynomial.C v A).totalDegree ≤ A.totalDegree",False,ALG-LEAN-AlgebraicGoldbach.LowerBound.totalDegree_substitution_le
Calibration.LowerBound,AlgebraicGoldbach.LowerBound.totalDegree_eq_degLex_degree,theorem,Ordinary total degree agrees with the degree-lex leading-degree convention under the stated types.,Classical.choice;Quot.sound;propext,Compiled Lean,e5c4e119473e0023b0f500e322b5ed1ac4013e00,paper/algebraic_sources/Calibration/LowerBound.lean,348304b6027de83f8ee694e2bddec6faf0e6416f5b681a992bff498a85342302,271,theorem totalDegree_eq_degLex_degree {σ : Type*} [Fintype σ] [LinearOrder σ] (A : MvPolynomial σ ℚ) : A.totalDegree = ((MonomialOrder.degLex : MonomialOrder σ).degree A).degree,False,ALG-LEAN-AlgebraicGoldbach.LowerBound.totalDegree_eq_degLex_degree
Calibration.LowerBound,AlgebraicGoldbach.LowerBound.totalDegree_mul_eq,theorem,For nonzero ordinary rational polynomials the degrees add under multiplication.,Classical.choice;Quot.sound;propext,Compiled Lean,e5c4e119473e0023b0f500e322b5ed1ac4013e00,paper/algebraic_sources/Calibration/LowerBound.lean,348304b6027de83f8ee694e2bddec6faf0e6416f5b681a992bff498a85342302,289,theorem totalDegree_mul_eq {σ : Type*} [Fintype σ] [LinearOrder σ] (A B : MvPolynomial σ ℚ) (hA : A ≠ 0) (hB : B ≠ 0) : (A * B).totalDegree = A.totalDegree + B.totalDegree,False,ALG-LEAN-AlgebraicGoldbach.LowerBound.totalDegree_mul_eq
Calibration.LowerBound,AlgebraicGoldbach.LowerBound.Restriction.Vars,abbrev,Defines Vars in the declared module context; exact source is authoritative.,NOT SEPARATELY REPRINTED,Compiled Lean definition/type,e5c4e119473e0023b0f500e322b5ed1ac4013e00,paper/algebraic_sources/Calibration/LowerBound.lean,348304b6027de83f8ee694e2bddec6faf0e6416f5b681a992bff498a85342302,302,abbrev Vars (N : ℕ),False,ALG-LEAN-AlgebraicGoldbach.LowerBound.Restriction.Vars
Calibration.LowerBound,AlgebraicGoldbach.LowerBound.Restriction.supportEquiv,def,Defines support Equiv in the declared module context; exact source is authoritative.,NOT SEPARATELY REPRINTED,Compiled Lean definition/type,e5c4e119473e0023b0f500e322b5ed1ac4013e00,paper/algebraic_sources/Calibration/LowerBound.lean,348304b6027de83f8ee694e2bddec6faf0e6416f5b681a992bff498a85342302,304,noncomputable def supportEquiv (N : ℕ) : Vars N ≃ {p : ℕ // p ∈ maximumSupport N},False,ALG-LEAN-AlgebraicGoldbach.LowerBound.Restriction.supportEquiv
Calibration.LowerBound,AlgebraicGoldbach.LowerBound.Restriction.vars_card,lemma,The canonical restriction variable type has cardinality pi(N)-r(N).,Classical.choice;Quot.sound;propext,Compiled Lean,e5c4e119473e0023b0f500e322b5ed1ac4013e00,paper/algebraic_sources/Calibration/LowerBound.lean,348304b6027de83f8ee694e2bddec6faf0e6416f5b681a992bff498a85342302,311,lemma vars_card (N : ℕ) : Fintype.card (Vars N) = pi N - r N,False,ALG-LEAN-AlgebraicGoldbach.LowerBound.Restriction.vars_card
Calibration.LowerBound,AlgebraicGoldbach.LowerBound.Restriction.restrictedVariable,def,Defines restricted Variable in the declared module context; exact source is authoritative.,NOT SEPARATELY REPRINTED,Compiled Lean definition/type,e5c4e119473e0023b0f500e322b5ed1ac4013e00,paper/algebraic_sources/Calibration/LowerBound.lean,348304b6027de83f8ee694e2bddec6faf0e6416f5b681a992bff498a85342302,314,noncomputable def restrictedVariable (N : ℕ) (i : Fin (N + 1)) : MvPolynomial (Vars N) ℚ,False,ALG-LEAN-AlgebraicGoldbach.LowerBound.Restriction.restrictedVariable
Calibration.LowerBound,AlgebraicGoldbach.LowerBound.Restriction.polynomial,def,Defines polynomial in the declared module context; exact source is authoritative.,NOT SEPARATELY REPRINTED,Compiled Lean definition/type,e5c4e119473e0023b0f500e322b5ed1ac4013e00,paper/algebraic_sources/Calibration/LowerBound.lean,348304b6027de83f8ee694e2bddec6faf0e6416f5b681a992bff498a85342302,317,noncomputable def polynomial (N : ℕ) (A : R N ℚ) : MvPolynomial (Vars N) ℚ,False,ALG-LEAN-AlgebraicGoldbach.LowerBound.Restriction.polynomial
Calibration.LowerBound,AlgebraicGoldbach.LowerBound.Restriction.point,def,Defines point in the declared module context; exact source is authoritative.,NOT SEPARATELY REPRINTED,Compiled Lean definition/type,e5c4e119473e0023b0f500e322b5ed1ac4013e00,paper/algebraic_sources/Calibration/LowerBound.lean,348304b6027de83f8ee694e2bddec6faf0e6416f5b681a992bff498a85342302,320,noncomputable def point (N : ℕ) (b : Vars N → Bool) (i : Fin (N + 1)) : ℚ,False,ALG-LEAN-AlgebraicGoldbach.LowerBound.Restriction.point
Calibration.LowerBound,AlgebraicGoldbach.LowerBound.Restriction.polynomial_degree_le,lemma,The canonical restriction does not increase ordinary total degree.,Classical.choice;Quot.sound;propext,Compiled Lean,e5c4e119473e0023b0f500e322b5ed1ac4013e00,paper/algebraic_sources/Calibration/LowerBound.lean,348304b6027de83f8ee694e2bddec6faf0e6416f5b681a992bff498a85342302,323,lemma polynomial_degree_le (N : ℕ) (A : R N ℚ) : (polynomial N A).totalDegree ≤ A.totalDegree,False,ALG-LEAN-AlgebraicGoldbach.LowerBound.Restriction.polynomial_degree_le
Calibration.LowerBound,AlgebraicGoldbach.LowerBound.Restriction.polynomial_eval,lemma,The restricted polynomial evaluates as the original polynomial at the restriction point.,Classical.choice;Quot.sound;propext,Compiled Lean,e5c4e119473e0023b0f500e322b5ed1ac4013e00,paper/algebraic_sources/Calibration/LowerBound.lean,348304b6027de83f8ee694e2bddec6faf0e6416f5b681a992bff498a85342302,330,lemma polynomial_eval (N : ℕ) (A : R N ℚ) (b : Vars N → Bool) : eval (fun i => boolValue (b i)) (polynomial N A) = eval (point N b) A,False,ALG-LEAN-AlgebraicGoldbach.LowerBound.Restriction.polynomial_eval
Calibration.LowerBound,AlgebraicGoldbach.LowerBound.Restriction.point_boolean,lemma,The restriction point is Boolean.,Classical.choice;Quot.sound;propext,Compiled Lean,e5c4e119473e0023b0f500e322b5ed1ac4013e00,paper/algebraic_sources/Calibration/LowerBound.lean,348304b6027de83f8ee694e2bddec6faf0e6416f5b681a992bff498a85342302,340,lemma point_boolean (N : ℕ) (b : Vars N → Bool) (i : Fin (N + 1)) : point N b i ^ 2 - point N b i = 0,False,ALG-LEAN-AlgebraicGoldbach.LowerBound.Restriction.point_boolean
Calibration.LowerBound,AlgebraicGoldbach.LowerBound.Restriction.point_nonprime_zero,lemma,The restriction point is zero on nonprime coordinates.,Classical.choice;Quot.sound;propext,Compiled Lean,e5c4e119473e0023b0f500e322b5ed1ac4013e00,paper/algebraic_sources/Calibration/LowerBound.lean,348304b6027de83f8ee694e2bddec6faf0e6416f5b681a992bff498a85342302,347,lemma point_nonprime_zero (N : ℕ) (b : Vars N → Bool) (i : Fin (N + 1)) (hi : ¬ Nat.Prime i.val) : point N b i = 0,False,ALG-LEAN-AlgebraicGoldbach.LowerBound.Restriction.point_nonprime_zero
Calibration.LowerBound,AlgebraicGoldbach.LowerBound.Restriction.point_g_zero,lemma,The restriction point zeros the original ordered g.,Classical.choice;Quot.sound;propext,Compiled Lean,e5c4e119473e0023b0f500e322b5ed1ac4013e00,paper/algebraic_sources/Calibration/LowerBound.lean,348304b6027de83f8ee694e2bddec6faf0e6416f5b681a992bff498a85342302,354,lemma point_g_zero (N : ℕ) (b : Vars N → Bool) : eval (point N b) (AlgebraicGoldbach.g N ℚ) = 0,False,ALG-LEAN-AlgebraicGoldbach.LowerBound.Restriction.point_g_zero
Calibration.LowerBound,AlgebraicGoldbach.LowerBound.Restriction.point_sum,lemma,The restriction point's full count equals the remaining-variable Boolean count.,Classical.choice;Quot.sound;propext,Compiled Lean,e5c4e119473e0023b0f500e322b5ed1ac4013e00,paper/algebraic_sources/Calibration/LowerBound.lean,348304b6027de83f8ee694e2bddec6faf0e6416f5b681a992bff498a85342302,364,"lemma point_sum (N : ℕ) (b : Vars N → Bool) : (∑ i : Fin (N + 1), point N b i) = ∑ i : Vars N, boolValue (b i)",False,ALG-LEAN-AlgebraicGoldbach.LowerBound.Restriction.point_sum
Calibration.LowerBound,AlgebraicGoldbach.LowerBound.Restriction.countConstraint,def,Defines count Constraint in the declared module context; exact source is authoritative.,NOT SEPARATELY REPRINTED,Compiled Lean definition/type,e5c4e119473e0023b0f500e322b5ed1ac4013e00,paper/algebraic_sources/Calibration/LowerBound.lean,348304b6027de83f8ee694e2bddec6faf0e6416f5b681a992bff498a85342302,381,def countConstraint (N : ℕ) : R N ℚ,False,ALG-LEAN-AlgebraicGoldbach.LowerBound.Restriction.countConstraint
Calibration.LowerBound,AlgebraicGoldbach.LowerBound.Restriction.nonprimeConstraint,def,Defines nonprime Constraint in the declared module context; exact source is authoritative.,NOT SEPARATELY REPRINTED,Compiled Lean definition/type,e5c4e119473e0023b0f500e322b5ed1ac4013e00,paper/algebraic_sources/Calibration/LowerBound.lean,348304b6027de83f8ee694e2bddec6faf0e6416f5b681a992bff498a85342302,384,def nonprimeConstraint (N : ℕ) (i : Fin (N + 1)) : R N ℚ,False,ALG-LEAN-AlgebraicGoldbach.LowerBound.Restriction.nonprimeConstraint
Calibration.LowerBound,AlgebraicGoldbach.LowerBound.Restriction.DpiCertificate,def,Defines Dpi Certificate in the declared module context; exact source is authoritative.,NOT SEPARATELY REPRINTED,Compiled Lean definition/type,e5c4e119473e0023b0f500e322b5ed1ac4013e00,paper/algebraic_sources/Calibration/LowerBound.lean,348304b6027de83f8ee694e2bddec6faf0e6416f5b681a992bff498a85342302,388,def DpiCertificate (N : ℕ) (A B : R N ℚ) (U C : Fin (N + 1) → R N ℚ) : Prop,False,ALG-LEAN-AlgebraicGoldbach.LowerBound.Restriction.DpiCertificate
Calibration.LowerBound,AlgebraicGoldbach.LowerBound.Restriction.certificate_inverse,theorem,The supplied full-count certificate restricts to a Boolean-cube inverse identity.,Classical.choice;Quot.sound;propext,Compiled Lean,e5c4e119473e0023b0f500e322b5ed1ac4013e00,paper/algebraic_sources/Calibration/LowerBound.lean,348304b6027de83f8ee694e2bddec6faf0e6416f5b681a992bff498a85342302,395,"theorem certificate_inverse (N : ℕ) (A B : R N ℚ) (U C : Fin (N + 1) → R N ℚ) (hcert : DpiCertificate N A B U C) : ∀ b : Vars N → Bool, eval (fun i => boolValue (b i)) (polynomial N A) * ((∑ i, boolValue (b i)) - (pi N : ℚ)) = 1",False,ALG-LEAN-AlgebraicGoldbach.LowerBound.Restriction.certificate_inverse
Calibration.LowerBound,AlgebraicGoldbach.LowerBound.Restriction.certificate_count_gt_vars,theorem,A supplied certificate implies strict prime-count versus remaining-variable-count separation.,Classical.choice;Quot.sound;propext,Compiled Lean,e5c4e119473e0023b0f500e322b5ed1ac4013e00,paper/algebraic_sources/Calibration/LowerBound.lean,348304b6027de83f8ee694e2bddec6faf0e6416f5b681a992bff498a85342302,420,theorem certificate_count_gt_vars (N : ℕ) (A B : R N ℚ) (U C : Fin (N + 1) → R N ℚ) (hcert : DpiCertificate N A B U C) : Fintype.card (Vars N) < pi N,False,ALG-LEAN-AlgebraicGoldbach.LowerBound.Restriction.certificate_count_gt_vars
Calibration.LowerBound,AlgebraicGoldbach.LowerBound.Restriction.certificate_multiplier_ne_zero,theorem,The count multiplier in a supplied full-count certificate is nonzero.,Classical.choice;Quot.sound;propext,Compiled Lean,e5c4e119473e0023b0f500e322b5ed1ac4013e00,paper/algebraic_sources/Calibration/LowerBound.lean,348304b6027de83f8ee694e2bddec6faf0e6416f5b681a992bff498a85342302,433,theorem certificate_multiplier_ne_zero (N : ℕ) (A B : R N ℚ) (U C : Fin (N + 1) → R N ℚ) (hcert : DpiCertificate N A B U C) : A ≠ 0,False,ALG-LEAN-AlgebraicGoldbach.LowerBound.Restriction.certificate_multiplier_ne_zero
Calibration.LowerBound,AlgebraicGoldbach.LowerBound.Restriction.Dpi_multiplier_degree_lower_bound,theorem,The supplied ordinary-Q full-count certificate has count-multiplier degree at least pi-r.,Classical.choice;Quot.sound;propext,Compiled Lean,e5c4e119473e0023b0f500e322b5ed1ac4013e00,paper/algebraic_sources/Calibration/LowerBound.lean,348304b6027de83f8ee694e2bddec6faf0e6416f5b681a992bff498a85342302,441,theorem Dpi_multiplier_degree_lower_bound (N : ℕ) (A B : R N ℚ) (U C : Fin (N + 1) → R N ℚ) (hcert : DpiCertificate N A B U C) : pi N - r N ≤ A.totalDegree,False,ALG-LEAN-AlgebraicGoldbach.LowerBound.Restriction.Dpi_multiplier_degree_lower_bound
Calibration.LowerBound,AlgebraicGoldbach.LowerBound.Restriction.countConstraint_coeff,lemma,The specified degree-one count coefficient is one.,Classical.choice;Quot.sound;propext,Compiled Lean,e5c4e119473e0023b0f500e322b5ed1ac4013e00,paper/algebraic_sources/Calibration/LowerBound.lean,348304b6027de83f8ee694e2bddec6faf0e6416f5b681a992bff498a85342302,451,lemma countConstraint_coeff (N : ℕ) : coeff (Finsupp.single (0 : Fin (N + 1)) 1) (countConstraint N) = (1 : ℚ),False,ALG-LEAN-AlgebraicGoldbach.LowerBound.Restriction.countConstraint_coeff
Calibration.LowerBound,AlgebraicGoldbach.LowerBound.Restriction.countConstraint_ne_zero,lemma,The actual full-count polynomial is nonzero.,Classical.choice;Quot.sound;propext,Compiled Lean,e5c4e119473e0023b0f500e322b5ed1ac4013e00,paper/algebraic_sources/Calibration/LowerBound.lean,348304b6027de83f8ee694e2bddec6faf0e6416f5b681a992bff498a85342302,460,lemma countConstraint_ne_zero (N : ℕ) : countConstraint N ≠ 0,False,ALG-LEAN-AlgebraicGoldbach.LowerBound.Restriction.countConstraint_ne_zero
Calibration.LowerBound,AlgebraicGoldbach.LowerBound.Restriction.countConstraint_totalDegree,lemma,The actual full-count polynomial has ordinary total degree one.,Classical.choice;Quot.sound;propext,Compiled Lean,e5c4e119473e0023b0f500e322b5ed1ac4013e00,paper/algebraic_sources/Calibration/LowerBound.lean,348304b6027de83f8ee694e2bddec6faf0e6416f5b681a992bff498a85342302,466,lemma countConstraint_totalDegree (N : ℕ) : (countConstraint N).totalDegree = 1,False,ALG-LEAN-AlgebraicGoldbach.LowerBound.Restriction.countConstraint_totalDegree
Calibration.LowerBound,AlgebraicGoldbach.LowerBound.Restriction.Dpi_standard_degree_lower_bound,theorem,The count summand of a supplied ordinary-Q full-count certificate has degree at least pi-r+1.,Classical.choice;Quot.sound;propext,Compiled Lean,e5c4e119473e0023b0f500e322b5ed1ac4013e00,paper/algebraic_sources/Calibration/LowerBound.lean,348304b6027de83f8ee694e2bddec6faf0e6416f5b681a992bff498a85342302,480,theorem Dpi_standard_degree_lower_bound (N : ℕ) (A B : R N ℚ) (U C : Fin (N + 1) → R N ℚ) (hcert : DpiCertificate N A B U C) : pi N - r N + 1 ≤ (A * countConstraint N).totalDegree,False,ALG-LEAN-AlgebraicGoldbach.LowerBound.Restriction.Dpi_standard_degree_lower_bound
Calibration.LowerBound,AlgebraicGoldbach.LowerBound.Restriction.Dpi_certificate_degree_bound,theorem,Any stated upper degree on that count summand is at least pi-r+1.,Classical.choice;Quot.sound;propext,Compiled Lean,e5c4e119473e0023b0f500e322b5ed1ac4013e00,paper/algebraic_sources/Calibration/LowerBound.lean,348304b6027de83f8ee694e2bddec6faf0e6416f5b681a992bff498a85342302,490,theorem Dpi_certificate_degree_bound (N d : ℕ) (A B : R N ℚ) (U C : Fin (N + 1) → R N ℚ) (hcert : DpiCertificate N A B U C) (hdegree : (A * countConstraint N).totalDegree ≤ d) : pi N - r N + 1 ≤ d,False,ALG-LEAN-AlgebraicGoldbach.LowerBound.Restriction.Dpi_certificate_degree_bound
Calibration.PCRestriction,AlgebraicGoldbach.PCRestriction.Derives,inductive,"Genuine bounded ordinary-Q PC using input, binary linear combination and one-variable multiplication.",Classical.choice;Quot.sound;propext,Compiled Lean definition/type,e5c4e119473e0023b0f500e322b5ed1ac4013e00,paper/algebraic_sources/Calibration/PCRestriction.lean,dfdef4248de8d6fface2c826422457383b0df45c0483a3add0e9b55e2976e142,18,inductive Derives {σ : Type*} (G : Set (MvPolynomial σ ℚ)) (d : ℕ) : MvPolynomial σ ℚ → Prop,False,ALG-LEAN-AlgebraicGoldbach.PCRestriction.Derives
Calibration.PCRestriction,AlgebraicGoldbach.PCRestriction.Derives.degree_le,theorem,Every genuine bounded-PC derivation line obeys its declared ordinary degree bound.,Classical.choice;Quot.sound;propext,Compiled Lean,e5c4e119473e0023b0f500e322b5ed1ac4013e00,paper/algebraic_sources/Calibration/PCRestriction.lean,dfdef4248de8d6fface2c826422457383b0df45c0483a3add0e9b55e2976e142,29,theorem degree_le {σ : Type*} {G : Set (MvPolynomial σ ℚ)} {d : ℕ} {f : MvPolynomial σ ℚ} (hf : Derives G d f) : f.totalDegree ≤ d,False,ALG-LEAN-AlgebraicGoldbach.PCRestriction.Derives.degree_le
Calibration.PCRestriction,AlgebraicGoldbach.PCRestriction.Derives.scalar,theorem,A scalar multiple is derived by the genuine binary linear rule under its explicit degree guard.,Classical.choice;Quot.sound;propext,Compiled Lean,e5c4e119473e0023b0f500e322b5ed1ac4013e00,paper/algebraic_sources/Calibration/PCRestriction.lean,dfdef4248de8d6fface2c826422457383b0df45c0483a3add0e9b55e2976e142,36,theorem scalar {σ : Type*} {G : Set (MvPolynomial σ ℚ)} {d : ℕ} {f : MvPolynomial σ ℚ} (hf : Derives G d f) (a : ℚ) (hdegree : (C a * f).totalDegree ≤ d) : Derives G d (C a * f),False,ALG-LEAN-AlgebraicGoldbach.PCRestriction.Derives.scalar
Calibration.PCRestriction,AlgebraicGoldbach.PCRestriction.dpiGenerators,def,"Actual full-count, SIEVE, Boolean and original ordered-g generators.",Classical.choice;Quot.sound;propext,Compiled Lean definition/type,e5c4e119473e0023b0f500e322b5ed1ac4013e00,paper/algebraic_sources/Calibration/PCRestriction.lean,dfdef4248de8d6fface2c826422457383b0df45c0483a3add0e9b55e2976e142,45,def dpiGenerators (N : ℕ) : Set (R N ℚ),False,ALG-LEAN-AlgebraicGoldbach.PCRestriction.dpiGenerators
Calibration.PCRestriction,AlgebraicGoldbach.PCRestriction.knapsackCount,def,The ordinary all-one-coefficient Boolean-knapsack count polynomial.,Classical.choice;Quot.sound;propext,Compiled Lean definition/type,e5c4e119473e0023b0f500e322b5ed1ac4013e00,paper/algebraic_sources/Calibration/PCRestriction.lean,dfdef4248de8d6fface2c826422457383b0df45c0483a3add0e9b55e2976e142,49,def knapsackCount (σ : Type*) [Fintype σ] (m : ℕ) : MvPolynomial σ ℚ,False,ALG-LEAN-AlgebraicGoldbach.PCRestriction.knapsackCount
Calibration.PCRestriction,AlgebraicGoldbach.PCRestriction.knapsackGenerators,def,Actual Boolean generators and the ordinary knapsack count polynomial.,Classical.choice;Quot.sound;propext,Compiled Lean definition/type,e5c4e119473e0023b0f500e322b5ed1ac4013e00,paper/algebraic_sources/Calibration/PCRestriction.lean,dfdef4248de8d6fface2c826422457383b0df45c0483a3add0e9b55e2976e142,52,def knapsackGenerators (σ : Type*) [Fintype σ] (m : ℕ) : Set (MvPolynomial σ ℚ),False,ALG-LEAN-AlgebraicGoldbach.PCRestriction.knapsackGenerators
Calibration.PCRestriction,AlgebraicGoldbach.PCRestriction.Refutation,def,A genuine derivation of the unit under the declared degree bound.,Classical.choice;Quot.sound;propext,Compiled Lean definition/type,e5c4e119473e0023b0f500e322b5ed1ac4013e00,paper/algebraic_sources/Calibration/PCRestriction.lean,dfdef4248de8d6fface2c826422457383b0df45c0483a3add0e9b55e2976e142,56,def Refutation {σ : Type*} (G : Set (MvPolynomial σ ℚ)) (d : ℕ) : Prop,False,ALG-LEAN-AlgebraicGoldbach.PCRestriction.Refutation
Calibration.PCRestriction,AlgebraicGoldbach.PCRestriction.polynomial_nonprime,theorem,The actual nonprime generator restricts to zero.,Classical.choice;Quot.sound;propext,Compiled Lean,e5c4e119473e0023b0f500e322b5ed1ac4013e00,paper/algebraic_sources/Calibration/PCRestriction.lean,dfdef4248de8d6fface2c826422457383b0df45c0483a3add0e9b55e2976e142,59,theorem polynomial_nonprime (N : ℕ) (i : Fin (N + 1)) : polynomial N (nonprimeConstraint N i) = 0,False,ALG-LEAN-AlgebraicGoldbach.PCRestriction.polynomial_nonprime
Calibration.PCRestriction,AlgebraicGoldbach.PCRestriction.polynomial_boolean,theorem,A Boolean generator restricts to a remaining-variable Boolean generator or zero.,Classical.choice;Quot.sound;propext,Compiled Lean,e5c4e119473e0023b0f500e322b5ed1ac4013e00,paper/algebraic_sources/Calibration/PCRestriction.lean,dfdef4248de8d6fface2c826422457383b0df45c0483a3add0e9b55e2976e142,69,"theorem polynomial_boolean (N : ℕ) (i : Fin (N + 1)) : polynomial N (booleanConstraint i) = if h : i.val ∈ maximumSupport N then (X (⟨i, h⟩ : Vars N)) ^ 2 - X (⟨i, h⟩ : Vars N) else 0",False,ALG-LEAN-AlgebraicGoldbach.PCRestriction.polynomial_boolean
Calibration.PCRestriction,AlgebraicGoldbach.PCRestriction.polynomial_g_zero,theorem,The original ordered g restricts to the zero polynomial.,Classical.choice;Quot.sound;propext,Compiled Lean,e5c4e119473e0023b0f500e322b5ed1ac4013e00,paper/algebraic_sources/Calibration/PCRestriction.lean,dfdef4248de8d6fface2c826422457383b0df45c0483a3add0e9b55e2976e142,78,theorem polynomial_g_zero (N : ℕ) : polynomial N (g N ℚ) = 0,False,ALG-LEAN-AlgebraicGoldbach.PCRestriction.polynomial_g_zero
Calibration.PCRestriction,AlgebraicGoldbach.PCRestriction.restrictedVariable_sum,theorem,The original-variable sum restricts to the remaining-variable sum.,Classical.choice;Quot.sound;propext,Compiled Lean,e5c4e119473e0023b0f500e322b5ed1ac4013e00,paper/algebraic_sources/Calibration/PCRestriction.lean,dfdef4248de8d6fface2c826422457383b0df45c0483a3add0e9b55e2976e142,89,"theorem restrictedVariable_sum (N : ℕ) : (∑ i : Fin (N + 1), restrictedVariable N i) = ∑ i : Vars N, X i",False,ALG-LEAN-AlgebraicGoldbach.PCRestriction.restrictedVariable_sum
Calibration.PCRestriction,AlgebraicGoldbach.PCRestriction.polynomial_count,theorem,The full-count generator restricts to the actual Boolean-knapsack count generator.,Classical.choice;Quot.sound;propext,Compiled Lean,e5c4e119473e0023b0f500e322b5ed1ac4013e00,paper/algebraic_sources/Calibration/PCRestriction.lean,dfdef4248de8d6fface2c826422457383b0df45c0483a3add0e9b55e2976e142,108,theorem polynomial_count (N : ℕ) : polynomial N (countConstraint N) = knapsackCount (Vars N) (pi N),False,ALG-LEAN-AlgebraicGoldbach.PCRestriction.polynomial_count
Calibration.PCRestriction,AlgebraicGoldbach.PCRestriction.generator_image,theorem,Every actual D_pi generator restricts to zero or a genuine knapsack generator.,Classical.choice;Quot.sound;propext,Compiled Lean,e5c4e119473e0023b0f500e322b5ed1ac4013e00,paper/algebraic_sources/Calibration/PCRestriction.lean,dfdef4248de8d6fface2c826422457383b0df45c0483a3add0e9b55e2976e142,115,theorem generator_image (N : ℕ) (f : R N ℚ) (hf : f ∈ dpiGenerators N) : polynomial N f = 0 ∨ polynomial N f ∈ knapsackGenerators (Vars N) (pi N),False,ALG-LEAN-AlgebraicGoldbach.PCRestriction.generator_image
Calibration.PCRestriction,AlgebraicGoldbach.PCRestriction.derivation_restriction,theorem,"Genuine input, binary linear, and single-variable PC derivations restrict without increased ordinary degree.",Classical.choice;Quot.sound;propext,Compiled Lean,e5c4e119473e0023b0f500e322b5ed1ac4013e00,paper/algebraic_sources/Calibration/PCRestriction.lean,dfdef4248de8d6fface2c826422457383b0df45c0483a3add0e9b55e2976e142,133,theorem derivation_restriction (N d : ℕ) (f : R N ℚ) (hf : Derives (dpiGenerators N) d f) : polynomial N f = 0 ∨ Derives (knapsackGenerators (Vars N) (pi N)) d (polynomial N f),False,ALG-LEAN-AlgebraicGoldbach.PCRestriction.derivation_restriction
Calibration.PCRestriction,AlgebraicGoldbach.PCRestriction.dpi_refutation_restricts,theorem,A supplied D_pi refutation yields a same-degree genuine knapsack refutation.,Classical.choice;Quot.sound;propext,Compiled Lean,e5c4e119473e0023b0f500e322b5ed1ac4013e00,paper/algebraic_sources/Calibration/PCRestriction.lean,dfdef4248de8d6fface2c826422457383b0df45c0483a3add0e9b55e2976e142,171,theorem dpi_refutation_restricts (N d : ℕ) (href : Refutation (dpiGenerators N) d) : Refutation (knapsackGenerators (Vars N) (pi N)) d,False,ALG-LEAN-AlgebraicGoldbach.PCRestriction.dpi_refutation_restricts
Calibration.PCRestriction,AlgebraicGoldbach.PCRestriction.KnapsackLowerBound,def,An explicit unproved lower-bound predicate retained as a hypothesis; no new axiom is installed.,Classical.choice;Quot.sound;propext,Compiled Lean (conditional; Appendix B),e5c4e119473e0023b0f500e322b5ed1ac4013e00,paper/algebraic_sources/Calibration/PCRestriction.lean,dfdef4248de8d6fface2c826422457383b0df45c0483a3add0e9b55e2976e142,181,def KnapsackLowerBound (σ : Type*) [Fintype σ] : Prop,True,ALG-LEAN-AlgebraicGoldbach.PCRestriction.KnapsackLowerBound
Calibration.PCRestriction,AlgebraicGoldbach.PCRestriction.dpi_degree_lower_bound_conditional,theorem,"Conditional corollary retaining explicit KnapsackLowerBound, alpha>=1 and supplied-refutation premises; see Appendix B.",Classical.choice;Quot.sound;propext,Compiled Lean (conditional; Appendix B),e5c4e119473e0023b0f500e322b5ed1ac4013e00,paper/algebraic_sources/Calibration/PCRestriction.lean,dfdef4248de8d6fface2c826422457383b0df45c0483a3add0e9b55e2976e142,187,theorem dpi_degree_lower_bound_conditional (N d : ℕ) (hlower : KnapsackLowerBound (Vars N)) (halpha : 1 ≤ pi N - r N) (href : Refutation (dpiGenerators N) d) : (pi N - r N + 1) / 2 + 1 ≤ d,True,ALG-LEAN-AlgebraicGoldbach.PCRestriction.dpi_degree_lower_bound_conditional
Calibration.PCRestriction,AlgebraicGoldbach.PCRestriction.Derives.input,constructor,Input rule with membership and ordinary degree guard.,Classical.choice;Quot.sound;propext,Compiled Lean constructor,e5c4e119473e0023b0f500e322b5ed1ac4013e00,paper/algebraic_sources/Calibration/PCRestriction.lean,dfdef4248de8d6fface2c826422457383b0df45c0483a3add0e9b55e2976e142,20,Existing source inductive constructor; see the copied Derives declaration.,False,ALG-LEAN-AlgebraicGoldbach.PCRestriction.Derives.input
Calibration.PCRestriction,AlgebraicGoldbach.PCRestriction.Derives.linear,constructor,Binary rational linear-combination rule with ordinary degree guard.,Classical.choice;Quot.sound;propext,Compiled Lean constructor,e5c4e119473e0023b0f500e322b5ed1ac4013e00,paper/algebraic_sources/Calibration/PCRestriction.lean,dfdef4248de8d6fface2c826422457383b0df45c0483a3add0e9b55e2976e142,21,Existing source inductive constructor; see the copied Derives declaration.,False,ALG-LEAN-AlgebraicGoldbach.PCRestriction.Derives.linear
Calibration.PCRestriction,AlgebraicGoldbach.PCRestriction.Derives.mulVar,constructor,Single genuine variable-multiplication rule with ordinary degree guard.,Classical.choice;Quot.sound;propext,Compiled Lean constructor,e5c4e119473e0023b0f500e322b5ed1ac4013e00,paper/algebraic_sources/Calibration/PCRestriction.lean,dfdef4248de8d6fface2c826422457383b0df45c0483a3add0e9b55e2976e142,24,Existing source inductive constructor; see the copied Derives declaration.,False,ALG-LEAN-AlgebraicGoldbach.PCRestriction.Derives.mulVar
